GROUP,PACKAGE,CLASS,INSTRUCTION_MISSED,INSTRUCTION_COVERED,BRANCH_MISSED,BRANCH_COVERED,LINE_MISSED,LINE_COVERED,COMPLEXITY_MISSED,COMPLEXITY_COVERED,METHOD_MISSED,METHOD_COVERED
"commons-io (Apr 1, 2019 3:03:36 PM)/commons-io/src/main/java",org.apache.commons.io.serialization,WildcardClassNameMatcher,0,11,0,0,0,4,0,2,0,2
"commons-io (Apr 1, 2019 3:03:36 PM)/commons-io/src/main/java",org.apache.commons.io.serialization,FullClassNameMatcher,0,16,0,0,0,4,0,2,0,2
"commons-io (Apr 1, 2019 3:03:36 PM)/commons-io/src/main/java",org.apache.commons.io.serialization,ValidatingObjectInputStream,6,224,0,18,2,38,0,21,0,12
"commons-io (Apr 1, 2019 3:03:36 PM)/commons-io/src/main/java",org.apache.commons.io.serialization,RegexpClassNameMatcher,0,24,0,2,0,8,0,4,0,3
"commons-io (Apr 1, 2019 3:03:36 PM)/commons-io/src/main/java",org.apache.commons.io.monitor,FileAlterationObserver,48,515,10,60,10,113,11,47,3,20
"commons-io (Apr 1, 2019 3:03:36 PM)/commons-io/src/main/java",org.apache.commons.io.monitor,FileAlterationListenerAdaptor,0,11,0,0,0,9,0,9,0,9
"commons-io (Apr 1, 2019 3:03:36 PM)/commons-io/src/main/java",org.apache.commons.io.monitor,FileAlterationMonitor,4,184,1,25,3,55,1,24,0,12
"commons-io (Apr 1, 2019 3:03:36 PM)/commons-io/src/main/java",org.apache.commons.io.monitor,FileEntry,50,123,9,15,16,26,18,14,10,10
"commons-io (Apr 1, 2019 3:03:36 PM)/commons-io/src/main/java",org.apache.commons.io.input.buffer,CircularBufferInputStream,49,118,7,15,13,34,10,9,3,5
"commons-io (Apr 1, 2019 3:03:36 PM)/commons-io/src/main/java",org.apache.commons.io.input.buffer,CircularByteBuffer,315,121,46,12,49,25,33,9,7,6
"commons-io (Apr 1, 2019 3:03:36 PM)/commons-io/src/main/java",org.apache.commons.io.input.buffer,PeekableInputStream,98,0,8,0,16,0,8,0,4,0
"commons-io (Apr 1, 2019 3:03:36 PM)/commons-io/src/main/java",org.apache.commons.io.input,ClosedInputStream,0,10,0,0,0,3,0,3,0,3
"commons-io (Apr 1, 2019 3:03:36 PM)/commons-io/src/main/java",org.apache.commons.io.input,ObservableInputStream,53,180,8,22,20,62,10,20,3,12
"commons-io (Apr 1, 2019 3:03:36 PM)/commons-io/src/main/java",org.apache.commons.io.input,XmlStreamReader,107,1270,12,148,23,181,13,91,4,20
"commons-io (Apr 1, 2019 3:03:36 PM)/commons-io/src/main/java",org.apache.commons.io.input,CharacterSetFilterReader,0,21,0,2,0,5,0,4,0,3
"commons-io (Apr 1, 2019 3:03:36 PM)/commons-io/src/main/java",org.apache.commons.io.input,CountingInputStream,0,86,0,6,0,20,0,10,0,7
"commons-io (Apr 1, 2019 3:03:36 PM)/commons-io/src/main/java",org.apache.commons.io.input,BOMInputStream.new Comparator() {...},0,21,0,4,0,8,0,4,0,2
"commons-io (Apr 1, 2019 3:03:36 PM)/commons-io/src/main/java",org.apache.commons.io.input,DemuxInputStream,13,30,3,1,5,8,3,3,1,3
"commons-io (Apr 1, 2019 3:03:36 PM)/commons-io/src/main/java",org.apache.commons.io.input,ReaderInputStream,39,221,7,29,5,57,9,21,2,10
"commons-io (Apr 1, 2019 3:03:36 PM)/commons-io/src/main/java",org.apache.commons.io.input,BOMInputStream,0,360,0,56,0,75,0,46,0,18
"commons-io (Apr 1, 2019 3:03:36 PM)/commons-io/src/main/java",org.apache.commons.io.input,MessageDigestCalculatingInputStream,6,22,0,0,2,7,1,3,1,3
"commons-io (Apr 1, 2019 3:03:36 PM)/commons-io/src/main/java",org.apache.commons.io.input,BoundedReader,0,100,0,12,0,27,0,12,0,6
"commons-io (Apr 1, 2019 3:03:36 PM)/commons-io/src/main/java",org.apache.commons.io.input,SwappedDataInputStream,4,98,1,5,1,25,1,18,0,16
"commons-io (Apr 1, 2019 3:03:36 PM)/commons-io/src/main/java",org.apache.commons.io.input,TaggedInputStream,0,24,0,0,0,7,0,4,0,4
"commons-io (Apr 1, 2019 3:03:36 PM)/commons-io/src/main/java",org.apache.commons.io.input,UnixLineEndingInputStream,5,111,0,24,1,34,1,17,1,5
"commons-io (Apr 1, 2019 3:03:36 PM)/commons-io/src/main/java",org.apache.commons.io.input,ReversedLinesFileReader.FilePart,52,284,5,39,6,57,5,22,0,5
"commons-io (Apr 1, 2019 3:03:36 PM)/commons-io/src/main/java",org.apache.commons.io.input,CloseShieldInputStream,0,10,0,0,0,4,0,2,0,2
"commons-io (Apr 1, 2019 3:03:36 PM)/commons-io/src/main/java",org.apache.commons.io.input,ProxyInputStream,38,85,1,3,17,30,2,13,1,12
"commons-io (Apr 1, 2019 3:03:36 PM)/commons-io/src/main/java",org.apache.commons.io.input,TailerListenerAdapter,6,3,0,0,6,1,6,1,6,1
"commons-io (Apr 1, 2019 3:03:36 PM)/commons-io/src/main/java",org.apache.commons.io.input,CharacterFilterReader,0,15,0,2,0,4,0,3,0,2
"commons-io (Apr 1, 2019 3:03:36 PM)/commons-io/src/main/java",org.apache.commons.io.input,ProxyReader,97,56,4,2,38,19,10,7,7,7
"commons-io (Apr 1, 2019 3:03:36 PM)/commons-io/src/main/java",org.apache.commons.io.input,ObservableInputStream.Observer,2,7,0,0,1,5,1,5,1,5
"commons-io (Apr 1, 2019 3:03:36 PM)/commons-io/src/main/java",org.apache.commons.io.input,CharSequenceReader,43,129,6,16,4,33,7,13,1,8
"commons-io (Apr 1, 2019 3:03:36 PM)/commons-io/src/main/java",org.apache.commons.io.input,ClassLoaderObjectInputStream,10,41,0,2,4,8,0,4,0,3
"commons-io (Apr 1, 2019 3:03:36 PM)/commons-io/src/main/java",org.apache.commons.io.input,ReversedLinesFileReader,12,222,0,32,4,47,2,20,2,4
"commons-io (Apr 1, 2019 3:03:36 PM)/commons-io/src/main/java",org.apache.commons.io.input,InfiniteCircularInputStream,0,27,0,0,0,6,0,2,0,2
"commons-io (Apr 1, 2019 3:03:36 PM)/commons-io/src/main/java",org.apache.commons.io.input,NullInputStream,7,272,1,29,3,66,3,28,2,14
"commons-io (Apr 1, 2019 3:03:36 PM)/commons-io/src/main/java",org.apache.commons.io.input,BoundedInputStream,84,107,9,11,21,23,14,10,9,5
"commons-io (Apr 1, 2019 3:03:36 PM)/commons-io/src/main/java",org.apache.commons.io.input,CharSequenceInputStream,75,289,12,34,7,75,12,25,1,13
"commons-io (Apr 1, 2019 3:03:36 PM)/commons-io/src/main/java",org.apache.commons.io.input,TeeInputStream,9,60,2,6,4,18,2,8,1,5
"commons-io (Apr 1, 2019 3:03:36 PM)/commons-io/src/main/java",org.apache.commons.io.input,XmlStreamReaderException,0,43,0,0,0,14,0,7,0,7
"commons-io (Apr 1, 2019 3:03:36 PM)/commons-io/src/main/java",org.apache.commons.io.input,AutoCloseInputStream,0,24,0,2,0,11,0,5,0,4
"commons-io (Apr 1, 2019 3:03:36 PM)/commons-io/src/main/java",org.apache.commons.io.input,MessageDigestCalculatingInputStream.MessageDigestMaintainingObserver,6,13,0,0,2,5,1,2,1,2
"commons-io (Apr 1, 2019 3:03:36 PM)/commons-io/src/main/java",org.apache.commons.io.input,AbstractCharacterFilterReader,45,14,8,2,11,5,5,3,1,2
"commons-io (Apr 1, 2019 3:03:36 PM)/commons-io/src/main/java",org.apache.commons.io.input,Tailer,80,374,7,34,22,103,13,29,7,14
"commons-io (Apr 1, 2019 3:03:36 PM)/commons-io/src/main/java",org.apache.commons.io.input,BrokenInputStream,7,21,0,0,2,8,1,6,1,6
"commons-io (Apr 1, 2019 3:03:36 PM)/commons-io/src/main/java",org.apache.commons.io.input,WindowsLineEndingInputStream,5,129,0,26,1,42,1,18,1,5
"commons-io (Apr 1, 2019 3:03:36 PM)/commons-io/src/main/java",org.apache.commons.io.input,NullReader,5,253,0,26,2,61,2,26,2,13
"commons-io (Apr 1, 2019 3:03:36 PM)/commons-io/src/main/java",org.apache.commons.io.output,XmlStreamWriter,48,168,8,16,11,42,10,13,3,8
"commons-io (Apr 1, 2019 3:03:36 PM)/commons-io/src/main/java",org.apache.commons.io.output,WriterOutputStream,37,233,2,16,10,68,5,19,3,12
"commons-io (Apr 1, 2019 3:03:36 PM)/commons-io/src/main/java",org.apache.commons.io.output,CloseShieldOutputStream,0,10,0,0,0,4,0,2,0,2
"commons-io (Apr 1, 2019 3:03:36 PM)/commons-io/src/main/java",org.apache.commons.io.output,ThresholdingOutputStream,14,99,0,6,6,28,3,12,3,9
"commons-io (Apr 1, 2019 3:03:36 PM)/commons-io/src/main/java",org.apache.commons.io.output,BrokenOutputStream,7,15,0,0,2,6,1,4,1,4
"commons-io (Apr 1, 2019 3:03:36 PM)/commons-io/src/main/java",org.apache.commons.io.output,NullWriter,2,19,0,0,1,12,1,11,1,11
"commons-io (Apr 1, 2019 3:03:36 PM)/commons-io/src/main/java",org.apache.commons.io.output,ProxyOutputStream,17,66,0,2,7,30,0,10,0,9
"commons-io (Apr 1, 2019 3:03:36 PM)/commons-io/src/main/java",org.apache.commons.io.output,LockableFileWriter,112,141,5,9,33,37,16,11,12,8
"commons-io (Apr 1, 2019 3:03:36 PM)/commons-io/src/main/java",org.apache.commons.io.output,TeeOutputStream,0,47,0,0,0,18,0,6,0,6
"commons-io (Apr 1, 2019 3:03:36 PM)/commons-io/src/main/java",org.apache.commons.io.output,CountingOutputStream,0,74,0,4,0,17,0,8,0,6
"commons-io (Apr 1, 2019 3:03:36 PM)/commons-io/src/main/java",org.apache.commons.io.output,FileWriterWithEncoding,31,174,0,12,8,54,3,23,3,17
"commons-io (Apr 1, 2019 3:03:36 PM)/commons-io/src/main/java",org.apache.commons.io.output,ChunkedWriter,0,45,0,4,0,16,0,5,0,3
"commons-io (Apr 1, 2019 3:03:36 PM)/commons-io/src/main/java",org.apache.commons.io.output,ProxyWriter,30,161,0,6,10,70,0,17,0,14
"commons-io (Apr 1, 2019 3:03:36 PM)/commons-io/src/main/java",org.apache.commons.io.output,DeferredFileOutputStream,21,167,4,14,7,46,4,17,0,12
"commons-io (Apr 1, 2019 3:03:36 PM)/commons-io/src/main/java",org.apache.commons.io.output,ByteArrayOutputStream,20,496,10,36,3,116,10,31,0,18
"commons-io (Apr 1, 2019 3:03:36 PM)/commons-io/src/main/java",org.apache.commons.io.output,ClosedOutputStream,0,27,0,0,0,4,0,4,0,4
"commons-io (Apr 1, 2019 3:03:36 PM)/commons-io/src/main/java",org.apache.commons.io.output,ChunkedOutputStream,0,45,0,4,0,16,0,5,0,3
"commons-io (Apr 1, 2019 3:03:36 PM)/commons-io/src/main/java",org.apache.commons.io.output,NullOutputStream,0,11,0,0,0,5,0,5,0,5
"commons-io (Apr 1, 2019 3:03:36 PM)/commons-io/src/main/java",org.apache.commons.io.output,TaggedOutputStream,0,24,0,0,0,7,0,4,0,4
"commons-io (Apr 1, 2019 3:03:36 PM)/commons-io/src/main/java",org.apache.commons.io.output,AppendableOutputStream,0,16,0,0,0,6,0,3,0,3
"commons-io (Apr 1, 2019 3:03:36 PM)/commons-io/src/main/java",org.apache.commons.io.output,StringBuilderWriter,0,79,2,4,0,25,2,13,0,12
"commons-io (Apr 1, 2019 3:03:36 PM)/commons-io/src/main/java",org.apache.commons.io.output,DemuxOutputStream,22,31,5,1,8,9,5,3,2,3
"commons-io (Apr 1, 2019 3:03:36 PM)/commons-io/src/main/java",org.apache.commons.io,FileCleaningTracker.Reaper,0,50,0,6,0,15,0,5,0,2
"commons-io (Apr 1, 2019 3:03:36 PM)/commons-io/src/main/java",org.apache.commons.io,FileCleaner,31,7,0,0,12,2,7,2,7,2
"commons-io (Apr 1, 2019 3:03:36 PM)/commons-io/src/main/java",org.apache.commons.io,TaggedIOException,3,37,1,7,1,9,2,7,1,4
"commons-io (Apr 1, 2019 3:03:36 PM)/commons-io/src/main/java",org.apache.commons.io,FileUtils,377,2657,58,336,54,584,58,260,4,117
"commons-io (Apr 1, 2019 3:03:36 PM)/commons-io/src/main/java",org.apache.commons.io,EndianUtils,0,749,0,4,0,87,0,33,0,31
"commons-io (Apr 1, 2019 3:03:36 PM)/commons-io/src/main/java",org.apache.commons.io,FileDeleteStrategy,3,62,0,8,2,13,0,10,0,6
"commons-io (Apr 1, 2019 3:03:36 PM)/commons-io/src/main/java",org.apache.commons.io,FileCleaningTracker.Tracker,0,27,0,2,0,6,0,4,0,3
"commons-io (Apr 1, 2019 3:03:36 PM)/commons-io/src/main/java",org.apache.commons.io,FileSystemUtils,103,645,27,74,21,140,24,42,2,12
"commons-io (Apr 1, 2019 3:03:36 PM)/commons-io/src/main/java",org.apache.commons.io,FilenameUtils,73,1603,26,360,21,380,24,215,2,44
"commons-io (Apr 1, 2019 3:03:36 PM)/commons-io/src/main/java",org.apache.commons.io,IOCase,5,211,1,29,1,31,2,26,1,12
"commons-io (Apr 1, 2019 3:03:36 PM)/commons-io/src/main/java",org.apache.commons.io,ByteOrderMark,0,296,0,24,0,46,0,21,0,9
"commons-io (Apr 1, 2019 3:03:36 PM)/commons-io/src/main/java",org.apache.commons.io,IOUtils,179,1681,25,203,48,413,32,215,14,119
"commons-io (Apr 1, 2019 3:03:36 PM)/commons-io/src/main/java",org.apache.commons.io,IOExceptionWithCause,4,5,0,0,2,2,1,1,1,1
"commons-io (Apr 1, 2019 3:03:36 PM)/commons-io/src/main/java",org.apache.commons.io,FileExistsException,16,4,0,0,4,2,2,1,2,1
"commons-io (Apr 1, 2019 3:03:36 PM)/commons-io/src/main/java",org.apache.commons.io,LineIterator,5,112,1,17,3,41,1,16,0,8
"commons-io (Apr 1, 2019 3:03:36 PM)/commons-io/src/main/java",org.apache.commons.io,DirectoryWalker,1,220,0,26,1,56,1,28,1,15
"commons-io (Apr 1, 2019 3:03:36 PM)/commons-io/src/main/java",org.apache.commons.io,DirectoryWalker.CancelException,0,22,0,0,0,8,0,4,0,4
"commons-io (Apr 1, 2019 3:03:36 PM)/commons-io/src/main/java",org.apache.commons.io,FileSystem,57,537,10,26,15,46,12,22,5,11
"commons-io (Apr 1, 2019 3:03:36 PM)/commons-io/src/main/java",org.apache.commons.io,Charsets,3,70,0,4,1,16,1,6,1,4
"commons-io (Apr 1, 2019 3:03:36 PM)/commons-io/src/main/java",org.apache.commons.io,ByteOrderParser,0,34,0,4,0,5,0,3,0,1
"commons-io (Apr 1, 2019 3:03:36 PM)/commons-io/src/main/java",org.apache.commons.io,CopyUtils,31,135,0,4,9,40,2,13,2,11
"commons-io (Apr 1, 2019 3:03:36 PM)/commons-io/src/main/java",org.apache.commons.io,FileDeleteStrategy.ForceFileDeleteStrategy,0,8,0,0,0,4,0,2,0,2
"commons-io (Apr 1, 2019 3:03:36 PM)/commons-io/src/main/java",org.apache.commons.io,HexDump,3,298,0,24,2,37,1,16,1,4
"commons-io (Apr 1, 2019 3:03:36 PM)/commons-io/src/main/java",org.apache.commons.io,ThreadMonitor,0,70,1,5,0,26,1,8,0,6
"commons-io (Apr 1, 2019 3:03:36 PM)/commons-io/src/main/java",org.apache.commons.io,FileCleaningTracker,3,117,1,9,1,31,2,12,1,8
"commons-io (Apr 1, 2019 3:03:36 PM)/commons-io/src/main/java",org.apache.commons.io.filefilter,CanReadFileFilter,0,22,0,0,0,6,0,3,0,3
"commons-io (Apr 1, 2019 3:03:36 PM)/commons-io/src/main/java",org.apache.commons.io.filefilter,AndFileFilter,11,167,2,24,3,44,3,20,1,9
"commons-io (Apr 1, 2019 3:03:36 PM)/commons-io/src/main/java",org.apache.commons.io.filefilter,AgeFileFilter,0,76,0,6,0,18,0,11,0,8
"commons-io (Apr 1, 2019 3:03:36 PM)/commons-io/src/main/java",org.apache.commons.io.filefilter,SizeFileFilter,0,68,0,10,0,12,0,9,0,4
"commons-io (Apr 1, 2019 3:03:36 PM)/commons-io/src/main/java",org.apache.commons.io.filefilter,FileFilterUtils,17,415,1,33,3,80,3,58,2,42
"commons-io (Apr 1, 2019 3:03:36 PM)/commons-io/src/main/java",org.apache.commons.io.filefilter,NotFileFilter,0,48,0,6,0,8,0,7,0,4
"commons-io (Apr 1, 2019 3:03:36 PM)/commons-io/src/main/java",org.apache.commons.io.filefilter,FalseFileFilter,0,14,0,0,0,6,0,4,0,4
"commons-io (Apr 1, 2019 3:03:36 PM)/commons-io/src/main/java",org.apache.commons.io.filefilter,WildcardFilter,4,122,2,18,2,26,2,13,0,5
"commons-io (Apr 1, 2019 3:03:36 PM)/commons-io/src/main/java",org.apache.commons.io.filefilter,DirectoryFileFilter,0,13,0,0,0,5,0,3,0,3
"commons-io (Apr 1, 2019 3:03:36 PM)/commons-io/src/main/java",org.apache.commons.io.filefilter,RegexFileFilter,0,72,2,10,0,24,2,9,0,5
"commons-io (Apr 1, 2019 3:03:36 PM)/commons-io/src/main/java",org.apache.commons.io.filefilter,NameFileFilter,1,196,2,24,0,44,2,20,0,9
"commons-io (Apr 1, 2019 3:03:36 PM)/commons-io/src/main/java",org.apache.commons.io.filefilter,FileFileFilter,0,11,0,0,0,4,0,3,0,3
"commons-io (Apr 1, 2019 3:03:36 PM)/commons-io/src/main/java",org.apache.commons.io.filefilter,HiddenFileFilter,0,16,0,0,0,5,0,3,0,3
"commons-io (Apr 1, 2019 3:03:36 PM)/commons-io/src/main/java",org.apache.commons.io.filefilter,AbstractFileFilter,0,22,0,0,0,4,0,4,0,4
"commons-io (Apr 1, 2019 3:03:36 PM)/commons-io/src/main/java",org.apache.commons.io.filefilter,WildcardFileFilter,2,195,2,24,0,44,2,20,0,9
"commons-io (Apr 1, 2019 3:03:36 PM)/commons-io/src/main/java",org.apache.commons.io.filefilter,PrefixFileFilter,6,191,4,22,0,44,4,18,0,9
"commons-io (Apr 1, 2019 3:03:36 PM)/commons-io/src/main/java",org.apache.commons.io.filefilter,EmptyFileFilter,0,37,1,7,0,8,1,6,0,3
"commons-io (Apr 1, 2019 3:03:36 PM)/commons-io/src/main/java",org.apache.commons.io.filefilter,OrFileFilter,2,164,3,19,0,43,3,18,0,10
"commons-io (Apr 1, 2019 3:03:36 PM)/commons-io/src/main/java",org.apache.commons.io.filefilter,TrueFileFilter,0,14,0,0,0,6,0,4,0,4
"commons-io (Apr 1, 2019 3:03:36 PM)/commons-io/src/main/java",org.apache.commons.io.filefilter,DelegateFileFilter,5,78,1,9,1,19,1,9,0,5
"commons-io (Apr 1, 2019 3:03:36 PM)/commons-io/src/main/java",org.apache.commons.io.filefilter,SuffixFileFilter,6,191,4,22,0,44,4,18,0,9
"commons-io (Apr 1, 2019 3:03:36 PM)/commons-io/src/main/java",org.apache.commons.io.filefilter,MagicNumberFileFilter,1,170,2,18,1,41,2,14,0,6
"commons-io (Apr 1, 2019 3:03:36 PM)/commons-io/src/main/java",org.apache.commons.io.filefilter,CanWriteFileFilter,0,16,0,0,0,5,0,3,0,3
"commons-io (Apr 1, 2019 3:03:36 PM)/commons-io/src/main/java",org.apache.commons.io.comparator,ReverseComparator,5,30,1,1,1,6,1,3,0,3
"commons-io (Apr 1, 2019 3:03:36 PM)/commons-io/src/main/java",org.apache.commons.io.comparator,NameFileComparator,0,69,0,2,0,14,0,6,0,5
"commons-io (Apr 1, 2019 3:03:36 PM)/commons-io/src/main/java",org.apache.commons.io.comparator,AbstractFileComparator,0,21,0,4,0,8,0,6,0,4
"commons-io (Apr 1, 2019 3:03:36 PM)/commons-io/src/main/java",org.apache.commons.io.comparator,PathFileComparator,0,69,0,2,0,14,0,6,0,5
"commons-io (Apr 1, 2019 3:03:36 PM)/commons-io/src/main/java",org.apache.commons.io.comparator,ExtensionFileComparator,0,75,0,2,0,16,0,6,0,5
"commons-io (Apr 1, 2019 3:03:36 PM)/commons-io/src/main/java",org.apache.commons.io.comparator,DefaultFileComparator,0,17,0,0,0,4,0,3,0,3
"commons-io (Apr 1, 2019 3:03:36 PM)/commons-io/src/main/java",org.apache.commons.io.comparator,CompositeFileComparator,0,133,0,14,0,31,0,12,0,5
"commons-io (Apr 1, 2019 3:03:36 PM)/commons-io/src/main/java",org.apache.commons.io.comparator,DirectoryFileComparator,0,28,0,2,0,5,0,5,0,4
"commons-io (Apr 1, 2019 3:03:36 PM)/commons-io/src/main/java",org.apache.commons.io.comparator,SizeFileComparator,0,105,2,14,0,25,2,11,0,5
"commons-io (Apr 1, 2019 3:03:36 PM)/commons-io/src/main/java",org.apache.commons.io.comparator,LastModifiedFileComparator,0,33,0,4,0,9,0,5,0,3
"commons-io (Apr 1, 2019 3:03:36 PM)/commons-io/src/test/java",org.apache.commons.io.monitor,FileAlterationMonitorTestCase,24,314,1,5,8,79,1,9,0,7
"commons-io (Apr 1, 2019 3:03:36 PM)/commons-io/src/test/java",org.apache.commons.io.monitor,FileAlterationMonitorTestCase.new ThreadFactory() {...},0,27,0,0,0,6,0,2,0,2
"commons-io (Apr 1, 2019 3:03:36 PM)/commons-io/src/test/java",org.apache.commons.io.monitor,FileAlterationObserverTestCase,0,1225,0,0,0,243,0,9,0,9
"commons-io (Apr 1, 2019 3:03:36 PM)/commons-io/src/test/java",org.apache.commons.io.monitor,AbstractMonitorTestCase,24,298,0,4,4,44,0,8,0,6
"commons-io (Apr 1, 2019 3:03:36 PM)/commons-io/src/test/java",org.apache.commons.io.monitor,CollectionFileListener,0,116,0,2,0,38,0,17,0,16
"commons-io (Apr 1, 2019 3:03:36 PM)/commons-io/src/test/java",org.apache.commons.io.serialization,WildcardClassNameMatcherTest,0,49,0,0,0,14,0,4,0,4
"commons-io (Apr 1, 2019 3:03:36 PM)/commons-io/src/test/java",org.apache.commons.io.serialization,RegexpClassNameMatcherTest,14,50,0,0,4,14,2,4,2,4
"commons-io (Apr 1, 2019 3:03:36 PM)/commons-io/src/test/java",org.apache.commons.io.serialization,FullClassNameMatcherTest,0,45,0,0,0,9,0,4,0,4
"commons-io (Apr 1, 2019 3:03:36 PM)/commons-io/src/test/java",org.apache.commons.io.serialization,MoreComplexObject,0,91,0,2,0,12,0,3,0,2
"commons-io (Apr 1, 2019 3:03:36 PM)/commons-io/src/test/java",org.apache.commons.io.serialization,ValidatingObjectInputStreamTest.new ClassNameMatcher() {...},0,5,0,0,0,2,0,2,0,2
"commons-io (Apr 1, 2019 3:03:36 PM)/commons-io/src/test/java",org.apache.commons.io.serialization,MockSerializedClass,6,16,1,1,2,5,2,2,1,2
"commons-io (Apr 1, 2019 3:03:36 PM)/commons-io/src/test/java",org.apache.commons.io.serialization,MoreComplexObjectTest,0,155,0,0,0,23,0,6,0,6
"commons-io (Apr 1, 2019 3:03:36 PM)/commons-io/src/test/java",org.apache.commons.io.serialization,ValidatingObjectInputStreamTest,22,404,0,0,11,80,0,22,0,22
"commons-io (Apr 1, 2019 3:03:36 PM)/commons-io/src/test/java",org.apache.commons.io.serialization,ClosingBase,5,31,0,2,3,9,1,4,1,3
"commons-io (Apr 1, 2019 3:03:36 PM)/commons-io/src/test/java",org.apache.commons.io.input,ClassLoaderObjectInputStreamTest.Test,8,52,4,6,2,12,5,4,1,3
"commons-io (Apr 1, 2019 3:03:36 PM)/commons-io/src/test/java",org.apache.commons.io.input,BrokenInputStreamTest,54,57,0,0,21,23,0,7,0,7
"commons-io (Apr 1, 2019 3:03:36 PM)/commons-io/src/test/java",org.apache.commons.io.input,ClosedInputStreamTest,0,16,0,0,0,5,0,2,0,2
"commons-io (Apr 1, 2019 3:03:36 PM)/commons-io/src/test/java",org.apache.commons.io.input,CloseShieldInputStreamTest,0,64,0,0,0,11,0,3,0,3
"commons-io (Apr 1, 2019 3:03:36 PM)/commons-io/src/test/java",org.apache.commons.io.input,SwappedDataInputStreamTest,14,205,0,2,6,41,2,16,2,15
"commons-io (Apr 1, 2019 3:03:36 PM)/commons-io/src/test/java",org.apache.commons.io.input,XmlStreamReaderTest,102,1321,4,24,19,253,5,37,1,27
"commons-io (Apr 1, 2019 3:03:36 PM)/commons-io/src/test/java",org.apache.commons.io.input,NullInputStreamTest,74,410,0,14,24,82,0,14,0,7
"commons-io (Apr 1, 2019 3:03:36 PM)/commons-io/src/test/java",org.apache.commons.io.input,CountingInputStreamTest,12,428,0,0,6,110,0,11,0,11
"commons-io (Apr 1, 2019 3:03:36 PM)/commons-io/src/test/java",org.apache.commons.io.input,WindowsLineEndingInputStreamTest,0,91,0,0,0,24,0,10,0,10
"commons-io (Apr 1, 2019 3:03:36 PM)/commons-io/src/test/java",org.apache.commons.io.input,BOMInputStreamTest,106,2258,6,14,30,432,6,61,1,56
"commons-io (Apr 1, 2019 3:03:36 PM)/commons-io/src/test/java",org.apache.commons.io.input,ProxyReaderTest.ProxyReaderImpl,0,4,0,0,0,2,0,1,0,1
"commons-io (Apr 1, 2019 3:03:36 PM)/commons-io/src/test/java",org.apache.commons.io.input,ClassLoaderObjectInputStreamTest,0,321,0,0,0,86,0,8,0,8
"commons-io (Apr 1, 2019 3:03:36 PM)/commons-io/src/test/java",org.apache.commons.io.input,AutoCloseInputStreamTest.new ByteArrayInputStream() {...},0,13,0,0,0,3,0,2,0,2
"commons-io (Apr 1, 2019 3:03:36 PM)/commons-io/src/test/java",org.apache.commons.io.input,ObservableInputStreamTest,3,192,1,7,2,50,1,6,0,3
"commons-io (Apr 1, 2019 3:03:36 PM)/commons-io/src/test/java",org.apache.commons.io.input,XmlStreamReaderUtilitiesTest,42,1143,0,0,8,204,0,24,0,24
"commons-io (Apr 1, 2019 3:03:36 PM)/commons-io/src/test/java",org.apache.commons.io.input,CharacterFilterReaderTest,0,119,0,0,0,25,0,6,0,6
"commons-io (Apr 1, 2019 3:03:36 PM)/commons-io/src/test/java",org.apache.commons.io.input,TeeInputStreamTest,0,262,0,0,0,48,0,9,0,9
"commons-io (Apr 1, 2019 3:03:36 PM)/commons-io/src/test/java",org.apache.commons.io.input,BOMInputStreamTest.ExpectCloseInputStream,2,8,0,0,1,4,1,2,1,2
"commons-io (Apr 1, 2019 3:03:36 PM)/commons-io/src/test/java",org.apache.commons.io.input,UnixLineEndingInputStreamTest,0,94,0,0,0,25,0,11,0,11
"commons-io (Apr 1, 2019 3:03:36 PM)/commons-io/src/test/java",org.apache.commons.io.input,ProxyReaderTest.CustomNullReader,6,15,2,2,0,4,2,3,0,3
"commons-io (Apr 1, 2019 3:03:36 PM)/commons-io/src/test/java",org.apache.commons.io.input,CharSequenceInputStreamTest,49,896,14,54,10,190,14,66,2,44
"commons-io (Apr 1, 2019 3:03:36 PM)/commons-io/src/test/java",org.apache.commons.io.input,TaggedInputStreamTest,35,187,0,0,18,45,0,5,0,5
"commons-io (Apr 1, 2019 3:03:36 PM)/commons-io/src/test/java",org.apache.commons.io.input,BoundedReaderTest,0,424,0,4,0,109,0,15,0,13
"commons-io (Apr 1, 2019 3:03:36 PM)/commons-io/src/test/java",org.apache.commons.io.input,MessageDigestCalculatingInputStreamTest,0,55,0,2,0,14,0,4,0,3
"commons-io (Apr 1, 2019 3:03:36 PM)/commons-io/src/test/java",org.apache.commons.io.input,InfiniteCircularInputStreamTest,0,100,0,2,0,19,0,5,0,4
"commons-io (Apr 1, 2019 3:03:36 PM)/commons-io/src/test/java",org.apache.commons.io.input,TailerTest.TestTailerListener,0,69,0,0,0,22,0,9,0,9
"commons-io (Apr 1, 2019 3:03:36 PM)/commons-io/src/test/java",org.apache.commons.io.input,ObservableInputStreamTest.LastBytesKeepingObserver,0,27,0,0,0,9,0,2,0,2
"commons-io (Apr 1, 2019 3:03:36 PM)/commons-io/src/test/java",org.apache.commons.io.input,TailerTest,48,1192,8,26,6,238,8,25,0,16
"commons-io (Apr 1, 2019 3:03:36 PM)/commons-io/src/test/java",org.apache.commons.io.input,NullInputStreamTest.TestNullInputStream,0,39,0,2,0,9,0,5,0,4
"commons-io (Apr 1, 2019 3:03:36 PM)/commons-io/src/test/java",org.apache.commons.io.input,BoundedInputStreamTest,0,278,0,8,0,33,0,8,0,4
"commons-io (Apr 1, 2019 3:03:36 PM)/commons-io/src/test/java",org.apache.commons.io.input,ObservableInputStreamTest.LastByteKeepingObserver,0,25,0,0,0,11,0,4,0,4
"commons-io (Apr 1, 2019 3:03:36 PM)/commons-io/src/test/java",org.apache.commons.io.input,BoundedReaderTest.new BufferedReader() {...},0,17,0,0,0,4,0,2,0,2
"commons-io (Apr 1, 2019 3:03:36 PM)/commons-io/src/test/java",org.apache.commons.io.input,CharacterSetFilterReaderTest,0,308,0,0,0,65,0,11,0,11
"commons-io (Apr 1, 2019 3:03:36 PM)/commons-io/src/test/java",org.apache.commons.io.input,ReversedLinesFileReaderTestParamBlockSize,18,559,1,7,4,94,1,26,0,23
"commons-io (Apr 1, 2019 3:03:36 PM)/commons-io/src/test/java",org.apache.commons.io.input,AutoCloseInputStreamTest,0,236,0,10,0,37,0,11,0,6
"commons-io (Apr 1, 2019 3:03:36 PM)/commons-io/src/test/java",org.apache.commons.io.input,ProxyReaderTest,0,41,0,0,0,10,0,3,0,3
"commons-io (Apr 1, 2019 3:03:36 PM)/commons-io/src/test/java",org.apache.commons.io.input,ReaderInputStreamTest,4,311,4,14,0,68,4,17,0,12
"commons-io (Apr 1, 2019 3:03:36 PM)/commons-io/src/test/java",org.apache.commons.io.input,CloseShieldInputStreamTest.new ByteArrayInputStream() {...},6,7,0,0,2,1,1,1,1,1
"commons-io (Apr 1, 2019 3:03:36 PM)/commons-io/src/test/java",org.apache.commons.io.input,ReversedLinesFileReaderTestSimple,16,59,0,0,4,14,0,5,0,5
"commons-io (Apr 1, 2019 3:03:36 PM)/commons-io/src/test/java",org.apache.commons.io.input,XmlStreamReaderUtilitiesTest.MockXmlStreamReader,0,11,0,0,0,2,0,1,0,1
"commons-io (Apr 1, 2019 3:03:36 PM)/commons-io/src/test/java",org.apache.commons.io.input,ClassLoaderObjectInputStreamTest.E,0,34,0,0,0,1,0,1,0,1
"commons-io (Apr 1, 2019 3:03:36 PM)/commons-io/src/test/java",org.apache.commons.io.input,CharSequenceReaderTest,0,396,0,4,0,71,0,13,0,11
"commons-io (Apr 1, 2019 3:03:36 PM)/commons-io/src/test/java",org.apache.commons.io.input,NullReaderTest,74,379,0,14,24,79,0,14,0,7
"commons-io (Apr 1, 2019 3:03:36 PM)/commons-io/src/test/java",org.apache.commons.io.input,NullReaderTest.TestNullReader,0,39,0,2,0,9,0,5,0,4
"commons-io (Apr 1, 2019 3:03:36 PM)/commons-io/src/test/java",org.apache.commons.io.input,ReversedLinesFileReaderTestParamFile,2,396,0,6,2,27,0,7,0,4
"commons-io (Apr 1, 2019 3:03:36 PM)/commons-io/src/test/java",org.apache.commons.io.input.buffer,CircularBufferInputStreamTest,87,102,6,11,6,26,6,6,0,3
"commons-io (Apr 1, 2019 3:03:36 PM)/commons-io/src/test/java",org.apache.commons.io.output,ThresholdingOutputStreamTest.new ThresholdingOutputStream() {...},0,23,0,0,0,6,0,3,0,3
"commons-io (Apr 1, 2019 3:03:36 PM)/commons-io/src/test/java",org.apache.commons.io.output,ChunkedWriterTest,12,69,0,0,2,19,1,4,1,4
"commons-io (Apr 1, 2019 3:03:36 PM)/commons-io/src/test/java",org.apache.commons.io.output,CloseShieldOutputStreamTest.new ByteArrayOutputStream() {...},6,6,0,0,2,1,1,1,1,1
"commons-io (Apr 1, 2019 3:03:36 PM)/commons-io/src/test/java",org.apache.commons.io.output,TeeOutputStreamTest.ExceptionOnCloseByteArrayOutputStream,0,4,0,0,0,1,0,1,0,1
"commons-io (Apr 1, 2019 3:03:36 PM)/commons-io/src/test/java",org.apache.commons.io.output,CloseShieldOutputStreamTest,7,47,0,0,3,12,0,3,0,3
"commons-io (Apr 1, 2019 3:03:36 PM)/commons-io/src/test/java",org.apache.commons.io.output,ProxyWriterTest.new OutputStreamWriter() {...},0,12,0,0,0,2,0,2,0,2
"commons-io (Apr 1, 2019 3:03:36 PM)/commons-io/src/test/java",org.apache.commons.io.output,CountingOutputStreamTest,12,202,0,10,6,41,0,9,0,4
"commons-io (Apr 1, 2019 3:03:36 PM)/commons-io/src/test/java",org.apache.commons.io.output,ProxyOutputStreamTest,0,47,0,0,0,12,0,4,0,4
"commons-io (Apr 1, 2019 3:03:36 PM)/commons-io/src/test/java",org.apache.commons.io.output,ProxyWriterTest.new OutputStreamWriter() {...},0,12,0,0,0,2,0,2,0,2
"commons-io (Apr 1, 2019 3:03:36 PM)/commons-io/src/test/java",org.apache.commons.io.output,ProxyWriterTest.new OutputStreamWriter() {...},0,12,0,0,0,2,0,2,0,2
"commons-io (Apr 1, 2019 3:03:36 PM)/commons-io/src/test/java",org.apache.commons.io.output,ProxyWriterTest.new OutputStreamWriter() {...},0,12,0,0,0,2,0,2,0,2
"commons-io (Apr 1, 2019 3:03:36 PM)/commons-io/src/test/java",org.apache.commons.io.output,ChunkedWriterTest.new OutputStreamWriter() {...},0,20,0,0,0,4,0,2,0,2
"commons-io (Apr 1, 2019 3:03:36 PM)/commons-io/src/test/java",org.apache.commons.io.output,ProxyWriterTest,49,394,0,0,20,84,0,22,0,22
"commons-io (Apr 1, 2019 3:03:36 PM)/commons-io/src/test/java",org.apache.commons.io.output,NullWriterTest,0,46,0,0,0,11,0,2,0,2
"commons-io (Apr 1, 2019 3:03:36 PM)/commons-io/src/test/java",org.apache.commons.io.output,ProxyWriterTest.new OutputStreamWriter() {...},0,12,0,0,0,2,0,2,0,2
"commons-io (Apr 1, 2019 3:03:36 PM)/commons-io/src/test/java",org.apache.commons.io.output,NullOutputStreamTest,0,35,0,0,0,11,0,2,0,2
"commons-io (Apr 1, 2019 3:03:36 PM)/commons-io/src/test/java",org.apache.commons.io.output,ProxyWriterTest.new OutputStreamWriter() {...},0,12,0,0,0,2,0,2,0,2
"commons-io (Apr 1, 2019 3:03:36 PM)/commons-io/src/test/java",org.apache.commons.io.output,ClosedOutputStreamTest,11,19,0,0,6,7,0,3,0,3
"commons-io (Apr 1, 2019 3:03:36 PM)/commons-io/src/test/java",org.apache.commons.io.output,ProxyWriterTest.new OutputStreamWriter() {...},0,12,0,0,0,2,0,2,0,2
"commons-io (Apr 1, 2019 3:03:36 PM)/commons-io/src/test/java",org.apache.commons.io.output,ThresholdingOutputStreamTest,0,30,0,0,0,9,0,2,0,2
"commons-io (Apr 1, 2019 3:03:36 PM)/commons-io/src/test/java",org.apache.commons.io.output,ChunkedOutputStreamTest.new ByteArrayOutputStream() {...},0,19,0,0,0,4,0,2,0,2
"commons-io (Apr 1, 2019 3:03:36 PM)/commons-io/src/test/java",org.apache.commons.io.output,BrokenOutputStreamTest,37,45,0,0,15,17,0,5,0,5
"commons-io (Apr 1, 2019 3:03:36 PM)/commons-io/src/test/java",org.apache.commons.io.output,StringBuilderWriterTest,10,314,0,0,2,78,0,14,0,14
"commons-io (Apr 1, 2019 3:03:36 PM)/commons-io/src/test/java",org.apache.commons.io.output,FileWriterWithEncodingTest,50,396,2,4,15,106,2,18,0,17
"commons-io (Apr 1, 2019 3:03:36 PM)/commons-io/src/test/java",org.apache.commons.io.output,ChunkedOutputStreamTest,11,60,0,0,3,16,1,4,1,4
"commons-io (Apr 1, 2019 3:03:36 PM)/commons-io/src/test/java",org.apache.commons.io.output,LockableFileWriterTest,79,293,0,0,21,74,0,10,0,10
"commons-io (Apr 1, 2019 3:03:36 PM)/commons-io/src/test/java",org.apache.commons.io.output,DeferredFileOutputStreamTest,62,710,0,0,32,142,0,13,0,13
"commons-io (Apr 1, 2019 3:03:36 PM)/commons-io/src/test/java",org.apache.commons.io.output,AppendableOutputStreamTest,0,39,0,0,0,10,0,4,0,4
"commons-io (Apr 1, 2019 3:03:36 PM)/commons-io/src/test/java",org.apache.commons.io.output,ProxyWriterTest.new OutputStreamWriter() {...},0,12,0,0,0,2,0,2,0,2
"commons-io (Apr 1, 2019 3:03:36 PM)/commons-io/src/test/java",org.apache.commons.io.output,TeeOutputStreamTest.RecordCloseByteArrayOutputStream,0,6,0,0,0,3,0,1,0,1
"commons-io (Apr 1, 2019 3:03:36 PM)/commons-io/src/test/java",org.apache.commons.io.output,ByteArrayOutputStreamTestCase,11,481,4,16,4,99,4,16,0,10
"commons-io (Apr 1, 2019 3:03:36 PM)/commons-io/src/test/java",org.apache.commons.io.output,XmlStreamWriterTest,0,188,0,6,0,62,0,21,0,18
"commons-io (Apr 1, 2019 3:03:36 PM)/commons-io/src/test/java",org.apache.commons.io.output,TaggedOutputStreamTest,43,147,0,0,24,42,0,4,0,4
"commons-io (Apr 1, 2019 3:03:36 PM)/commons-io/src/test/java",org.apache.commons.io.output,TeeOutputStreamTest,26,219,0,8,6,44,0,9,0,5
"commons-io (Apr 1, 2019 3:03:36 PM)/commons-io/src/test/java",org.apache.commons.io.output,ProxyWriterTest.new OutputStreamWriter() {...},0,12,0,0,0,2,0,2,0,2
"commons-io (Apr 1, 2019 3:03:36 PM)/commons-io/src/test/java",org.apache.commons.io.output,ProxyOutputStreamTest.new ByteArrayOutputStream() {...},3,9,1,1,1,3,1,2,0,2
"commons-io (Apr 1, 2019 3:03:36 PM)/commons-io/src/test/java",org.apache.commons.io.output,ProxyWriterTest.new OutputStreamWriter() {...},0,12,0,0,0,2,0,2,0,2
"commons-io (Apr 1, 2019 3:03:36 PM)/commons-io/src/test/java",org.apache.commons.io.output,WriterOutputStreamTest,16,222,4,6,6,63,2,19,0,16
"commons-io (Apr 1, 2019 3:03:36 PM)/commons-io/src/test/java",org.apache.commons.io.testtools,SystemDefaultsSwitch,2,32,1,3,1,8,1,4,0,3
"commons-io (Apr 1, 2019 3:03:36 PM)/commons-io/src/test/java",org.apache.commons.io.testtools,TestUtils,74,373,8,24,12,71,8,22,0,14
"commons-io (Apr 1, 2019 3:03:36 PM)/commons-io/src/test/java",org.apache.commons.io.testtools,SystemDefaultsSwitch.new Statement() {...},0,23,0,0,0,6,0,2,0,2
"commons-io (Apr 1, 2019 3:03:36 PM)/commons-io/src/test/java",org.apache.commons.io.testtools,YellOnFlushAndCloseOutputStream,16,23,3,1,5,10,3,3,1,3
"commons-io (Apr 1, 2019 3:03:36 PM)/commons-io/src/test/java",org.apache.commons.io.testtools,YellOnCloseInputStream,5,4,0,0,1,2,1,1,1,1
"commons-io (Apr 1, 2019 3:03:36 PM)/commons-io/src/test/java",org.apache.commons.io,FileUtilsTestCase.ShorterFile,0,9,0,0,0,3,0,2,0,2
"commons-io (Apr 1, 2019 3:03:36 PM)/commons-io/src/test/java",org.apache.commons.io,IOUtilsTestCase.new ServerSocket() {...},0,10,0,0,0,2,0,2,0,2
"commons-io (Apr 1, 2019 3:03:36 PM)/commons-io/src/test/java",org.apache.commons.io,FileUtilsCopyToFileTestCase,15,66,1,1,1,15,1,5,0,5
"commons-io (Apr 1, 2019 3:03:36 PM)/commons-io/src/test/java",org.apache.commons.io,FileCleanerTestCase,0,5,0,0,0,2,0,2,0,2
"commons-io (Apr 1, 2019 3:03:36 PM)/commons-io/src/test/java",org.apache.commons.io,FileSystemTestCase,7,325,1,25,2,36,1,18,0,6
"commons-io (Apr 1, 2019 3:03:36 PM)/commons-io/src/test/java",org.apache.commons.io,FileCleaningTrackerTestCase,138,713,13,9,32,155,10,18,0,17
"commons-io (Apr 1, 2019 3:03:36 PM)/commons-io/src/test/java",org.apache.commons.io,CopyUtilsTest,0,434,0,0,0,88,0,12,0,12
"commons-io (Apr 1, 2019 3:03:36 PM)/commons-io/src/test/java",org.apache.commons.io,CharsetsTestCase,0,99,0,0,0,26,0,9,0,9
"commons-io (Apr 1, 2019 3:03:36 PM)/commons-io/src/test/java",org.apache.commons.io,IOUtilsWriteTestCase,99,1714,0,0,45,387,0,54,0,54
"commons-io (Apr 1, 2019 3:03:36 PM)/commons-io/src/test/java",org.apache.commons.io,FileUtilsTestCase.new File() {...},0,11,0,0,0,3,0,3,0,3
"commons-io (Apr 1, 2019 3:03:36 PM)/commons-io/src/test/java",org.apache.commons.io,DirectoryWalkerTestCase.TestFalseFileFinder,0,7,0,0,0,3,0,2,0,2
"commons-io (Apr 1, 2019 3:03:36 PM)/commons-io/src/test/java",org.apache.commons.io,LineIteratorTestCase,84,583,3,17,40,154,3,32,0,25
"commons-io (Apr 1, 2019 3:03:36 PM)/commons-io/src/test/java",org.apache.commons.io,HexDumpTest,29,835,0,42,9,124,0,25,0,4
"commons-io (Apr 1, 2019 3:03:36 PM)/commons-io/src/test/java",org.apache.commons.io,IOUtilsTestCase.new SelectorAdapter() {...},0,10,0,0,0,2,0,2,0,2
"commons-io (Apr 1, 2019 3:03:36 PM)/commons-io/src/test/java",org.apache.commons.io,FileSystemUtilsTestCase,353,501,8,8,106,150,8,31,0,31
"commons-io (Apr 1, 2019 3:03:36 PM)/commons-io/src/test/java",org.apache.commons.io,DirectoryWalkerTestCase.TestCancelWalker,5,57,0,6,1,17,0,8,0,5
"commons-io (Apr 1, 2019 3:03:36 PM)/commons-io/src/test/java",org.apache.commons.io,IOUtilsTestCase.new OutputStream() {...},1,6,0,0,1,1,1,1,1,1
"commons-io (Apr 1, 2019 3:03:36 PM)/commons-io/src/test/java",org.apache.commons.io,TaggedIOExceptionTest,0,34,0,0,0,9,0,2,0,2
"commons-io (Apr 1, 2019 3:03:36 PM)/commons-io/src/test/java",org.apache.commons.io,IOCaseTestCase,181,902,11,11,46,181,11,20,0,20
"commons-io (Apr 1, 2019 3:03:36 PM)/commons-io/src/test/java",org.apache.commons.io,FileUtilsCleanSymlinksTestCase,8,542,8,8,8,119,8,11,0,11
"commons-io (Apr 1, 2019 3:03:36 PM)/commons-io/src/test/java",org.apache.commons.io,IOUtilsTestCase.new OutputStream() {...},1,6,0,0,1,1,1,1,1,1
"commons-io (Apr 1, 2019 3:03:36 PM)/commons-io/src/test/java",org.apache.commons.io,DirectoryWalkerTestCase.TestMultiThreadCancelWalker,5,63,0,6,1,20,0,9,0,6
"commons-io (Apr 1, 2019 3:03:36 PM)/commons-io/src/test/java",org.apache.commons.io,FilenameUtilsWildcardTestCase,2,954,1,5,0,147,1,12,0,10
"commons-io (Apr 1, 2019 3:03:36 PM)/commons-io/src/test/java",org.apache.commons.io,DirectoryWalkerTestCase.TestFileFinder,4,32,0,0,2,12,0,5,0,5
"commons-io (Apr 1, 2019 3:03:36 PM)/commons-io/src/test/java",org.apache.commons.io,FileSystemUtilsTestCase.new FileSystemUtils() {...},0,12,0,2,0,2,0,3,0,2
"commons-io (Apr 1, 2019 3:03:36 PM)/commons-io/src/test/java",org.apache.commons.io,DemuxTestCase.ReaderThread,3,54,0,2,2,16,0,4,0,3
"commons-io (Apr 1, 2019 3:03:36 PM)/commons-io/src/test/java",org.apache.commons.io,FilenameUtilsTestCase,204,5986,8,8,46,810,9,40,1,40
"commons-io (Apr 1, 2019 3:03:36 PM)/commons-io/src/test/java",org.apache.commons.io,IOUtilsTestCase,254,2785,3,7,99,725,9,110,6,108
"commons-io (Apr 1, 2019 3:03:36 PM)/commons-io/src/test/java",org.apache.commons.io,IOUtilsTestCase.new InputStream() {...},2,6,0,0,1,1,1,1,1,1
"commons-io (Apr 1, 2019 3:03:36 PM)/commons-io/src/test/java",org.apache.commons.io,FileSystemUtilsTestCase.new FileSystemUtils() {...},0,8,0,0,0,2,0,2,0,2
"commons-io (Apr 1, 2019 3:03:36 PM)/commons-io/src/test/java",org.apache.commons.io,IOUtilsTestCase.new Writer() {...},4,6,0,0,4,1,4,1,4,1
"commons-io (Apr 1, 2019 3:03:36 PM)/commons-io/src/test/java",org.apache.commons.io,DemuxTestCase,0,238,0,4,0,54,0,12,0,10
"commons-io (Apr 1, 2019 3:03:36 PM)/commons-io/src/test/java",org.apache.commons.io,DirectoryWalkerTestCaseJava4.TestCancelWalker,5,57,0,6,1,17,0,8,0,5
"commons-io (Apr 1, 2019 3:03:36 PM)/commons-io/src/test/java",org.apache.commons.io,FileUtilsCopyToFileTestCase.CheckingInputStream,0,19,0,0,0,8,0,3,0,3
"commons-io (Apr 1, 2019 3:03:36 PM)/commons-io/src/test/java",org.apache.commons.io,IOUtilsCopyTestCase,76,881,0,0,28,182,0,29,0,29
"commons-io (Apr 1, 2019 3:03:36 PM)/commons-io/src/test/java",org.apache.commons.io,FileUtilsListFilesTestCase,9,452,0,4,3,105,0,10,0,8
"commons-io (Apr 1, 2019 3:03:36 PM)/commons-io/src/test/java",org.apache.commons.io,IOExceptionWithCauseTestCase,0,49,0,0,0,13,0,4,0,4
"commons-io (Apr 1, 2019 3:03:36 PM)/commons-io/src/test/java",org.apache.commons.io,ByteOrderMarkTestCase,64,341,0,0,12,52,0,11,0,11
"commons-io (Apr 1, 2019 3:03:36 PM)/commons-io/src/test/java",org.apache.commons.io,DirectoryWalkerTestCaseJava4.TestFalseFileFinder,0,7,0,0,0,3,0,2,0,2
"commons-io (Apr 1, 2019 3:03:36 PM)/commons-io/src/test/java",org.apache.commons.io,FileUtilsWaitForTestCase,0,52,0,0,0,14,0,3,0,3
"commons-io (Apr 1, 2019 3:03:36 PM)/commons-io/src/test/java",org.apache.commons.io,DirectoryWalkerTestCase.TestFileFinderString,4,22,0,0,2,8,0,3,0,3
"commons-io (Apr 1, 2019 3:03:36 PM)/commons-io/src/test/java",org.apache.commons.io,LineIteratorTestCase.new LineIterator() {...},0,25,0,2,0,3,0,3,0,2
"commons-io (Apr 1, 2019 3:03:36 PM)/commons-io/src/test/java",org.apache.commons.io,LineIteratorTestCase.new BufferedReader() {...},0,12,0,0,0,2,0,2,0,2
"commons-io (Apr 1, 2019 3:03:36 PM)/commons-io/src/test/java",org.apache.commons.io,FileUtilsFileNewerTestCase,65,183,4,4,13,30,7,6,3,6
"commons-io (Apr 1, 2019 3:03:36 PM)/commons-io/src/test/java",org.apache.commons.io,FileDeleteStrategyTestCase,52,230,3,3,9,64,3,7,0,7
"commons-io (Apr 1, 2019 3:03:36 PM)/commons-io/src/test/java",org.apache.commons.io,IOUtilsTestCase.new Reader() {...},3,6,0,0,2,1,2,1,2,1
"commons-io (Apr 1, 2019 3:03:36 PM)/commons-io/src/test/java",org.apache.commons.io,DirectoryWalkerTestCaseJava4.TestMultiThreadCancelWalker,5,63,0,6,1,20,0,9,0,6
"commons-io (Apr 1, 2019 3:03:36 PM)/commons-io/src/test/java",org.apache.commons.io,DemuxTestCase.WriterThread,3,52,0,2,2,12,0,3,0,2
"commons-io (Apr 1, 2019 3:03:36 PM)/commons-io/src/test/java",org.apache.commons.io,IOUtilsTestCase.new Closeable() {...},0,10,0,0,0,2,0,2,0,2
"commons-io (Apr 1, 2019 3:03:36 PM)/commons-io/src/test/java",org.apache.commons.io,SelectorAdapter,17,3,0,0,9,1,9,1,9,1
"commons-io (Apr 1, 2019 3:03:36 PM)/commons-io/src/test/java",org.apache.commons.io,IOUtilsTestCase.new Writer() {...},4,6,0,0,4,1,4,1,4,1
"commons-io (Apr 1, 2019 3:03:36 PM)/commons-io/src/test/java",org.apache.commons.io,FileUtilsWaitForTestCase.new Runnable() {...},0,28,0,0,0,5,0,2,0,2
"commons-io (Apr 1, 2019 3:03:36 PM)/commons-io/src/test/java",org.apache.commons.io,DirectoryWalkerTestCase,160,872,1,15,23,149,1,29,0,22
"commons-io (Apr 1, 2019 3:03:36 PM)/commons-io/src/test/java",org.apache.commons.io,FileUtilsTestCase.new File() {...},0,9,0,0,0,2,0,2,0,2
"commons-io (Apr 1, 2019 3:03:36 PM)/commons-io/src/test/java",org.apache.commons.io,FileUtilsTestCase.new File() {...},0,10,0,0,0,2,0,2,0,2
"commons-io (Apr 1, 2019 3:03:36 PM)/commons-io/src/test/java",org.apache.commons.io,IOUtilsTestCase.new Socket() {...},0,10,0,0,0,2,0,2,0,2
"commons-io (Apr 1, 2019 3:03:36 PM)/commons-io/src/test/java",org.apache.commons.io,FileUtilsCleanDirectoryTestCase,22,198,6,6,11,43,6,8,0,8
"commons-io (Apr 1, 2019 3:03:36 PM)/commons-io/src/test/java",org.apache.commons.io,DirectoryWalkerTestCaseJava4.TestFileFinder,4,32,0,0,2,12,0,5,0,5
"commons-io (Apr 1, 2019 3:03:36 PM)/commons-io/src/test/java",org.apache.commons.io,DirectoryWalkerTestCaseJava4,84,804,1,13,15,135,1,26,0,20
"commons-io (Apr 1, 2019 3:03:36 PM)/commons-io/src/test/java",org.apache.commons.io,ThreadMonitorTestCase,30,40,0,0,10,20,0,4,0,4
"commons-io (Apr 1, 2019 3:03:36 PM)/commons-io/src/test/java",org.apache.commons.io,FileUtilsTestCase,1135,6368,70,88,264,1413,73,156,4,146
"commons-io (Apr 1, 2019 3:03:36 PM)/commons-io/src/test/java",org.apache.commons.io,IOUtilsTestCase.new InputStream() {...},2,6,0,0,1,1,1,1,1,1
"commons-io (Apr 1, 2019 3:03:36 PM)/commons-io/src/test/java",org.apache.commons.io,IOUtilsTestCase.new Reader() {...},3,6,0,0,2,1,2,1,2,1
"commons-io (Apr 1, 2019 3:03:36 PM)/commons-io/src/test/java",org.apache.commons.io,FileUtilsDirectoryContainsTestCase,38,299,0,0,8,66,0,13,0,13
"commons-io (Apr 1, 2019 3:03:36 PM)/commons-io/src/test/java",org.apache.commons.io,IOUtilsTestCase.new Closeable() {...},0,10,0,0,0,2,0,2,0,2
"commons-io (Apr 1, 2019 3:03:36 PM)/commons-io/src/test/java",org.apache.commons.io,FileUtilsTestCase.ListDirectoryWalker,0,25,0,2,0,10,0,5,0,4
"commons-io (Apr 1, 2019 3:03:36 PM)/commons-io/src/test/java",org.apache.commons.io,ByteOrderParserTest,5,18,0,0,2,6,1,4,1,4
"commons-io (Apr 1, 2019 3:03:36 PM)/commons-io/src/test/java",org.apache.commons.io,FileSystemUtilsTestCase.MockFileSystemUtils,0,36,0,2,0,10,0,4,0,3
"commons-io (Apr 1, 2019 3:03:36 PM)/commons-io/src/test/java",org.apache.commons.io,EndianUtilsTest,6,970,0,2,3,185,0,24,0,23
"commons-io (Apr 1, 2019 3:03:36 PM)/commons-io/src/test/java",org.apache.commons.io.filefilter,IOFileFilterAbstractTestCase.TesterTrueFileFilter,0,32,0,0,0,10,0,6,0,6
"commons-io (Apr 1, 2019 3:03:36 PM)/commons-io/src/test/java",org.apache.commons.io.filefilter,OrFileFilterTestCase,0,966,0,2,0,145,0,14,0,13
"commons-io (Apr 1, 2019 3:03:36 PM)/commons-io/src/test/java",org.apache.commons.io.filefilter,IOFileFilterAbstractTestCase,97,187,6,12,12,25,4,14,1,8
"commons-io (Apr 1, 2019 3:03:36 PM)/commons-io/src/test/java",org.apache.commons.io.filefilter,IOFileFilterAbstractTestCase.TesterFalseFileFilter,0,32,0,0,0,10,0,6,0,6
"commons-io (Apr 1, 2019 3:03:36 PM)/commons-io/src/test/java",org.apache.commons.io.filefilter,FileFilterTestCase,722,4147,40,44,156,743,40,53,1,50
"commons-io (Apr 1, 2019 3:03:36 PM)/commons-io/src/test/java",org.apache.commons.io.filefilter,AndFileFilterTestCase,0,966,0,2,0,145,0,14,0,13
"commons-io (Apr 1, 2019 3:03:36 PM)/commons-io/src/test/java",org.apache.commons.io.filefilter,ConditionalFileFilterAbstractTestCase,1,457,1,11,0,90,1,12,0,7
"commons-io (Apr 1, 2019 3:03:36 PM)/commons-io/src/test/java",org.apache.commons.io.filefilter,RegexFileFilterTestCase,84,195,3,3,18,33,3,3,0,3
"commons-io (Apr 1, 2019 3:03:36 PM)/commons-io/src/test/java",org.apache.commons.io.input.compatibility,XmlStreamReader,467,858,84,132,111,154,65,70,12,15
"commons-io (Apr 1, 2019 3:03:36 PM)/commons-io/src/test/java",org.apache.commons.io.input.compatibility,XmlStreamReaderException,0,25,0,0,0,6,0,3,0,3
"commons-io (Apr 1, 2019 3:03:36 PM)/commons-io/src/test/java",org.apache.commons.io.input.compatibility,XmlStreamReaderUtilitiesCompatibilityTest.MockXmlStreamReader,0,11,0,0,0,2,0,1,0,1
"commons-io (Apr 1, 2019 3:03:36 PM)/commons-io/src/test/java",org.apache.commons.io.input.compatibility,XmlStreamReaderUtilitiesCompatibilityTest,0,40,0,0,0,11,0,3,0,3
"commons-io (Apr 1, 2019 3:03:36 PM)/commons-io/src/test/java",org.apache.commons.io.comparator,ComparatorAbstractTestCase,4,202,4,4,0,36,4,9,0,9
"commons-io (Apr 1, 2019 3:03:36 PM)/commons-io/src/test/java",org.apache.commons.io.comparator,CompositeFileComparatorTest,62,249,6,6,4,39,6,5,0,5
"commons-io (Apr 1, 2019 3:03:36 PM)/commons-io/src/test/java",org.apache.commons.io.comparator,PathFileComparatorTest,7,122,7,7,0,19,7,3,0,3
"commons-io (Apr 1, 2019 3:03:36 PM)/commons-io/src/test/java",org.apache.commons.io.comparator,DefaultFileComparatorTest,0,35,0,0,0,8,0,2,0,2
"commons-io (Apr 1, 2019 3:03:36 PM)/commons-io/src/test/java",org.apache.commons.io.comparator,LastModifiedFileComparatorTest,42,119,5,5,3,27,5,2,0,2
"commons-io (Apr 1, 2019 3:03:36 PM)/commons-io/src/test/java",org.apache.commons.io.comparator,NameFileComparatorTest,7,122,7,7,0,19,7,3,0,3
"commons-io (Apr 1, 2019 3:03:36 PM)/commons-io/src/test/java",org.apache.commons.io.comparator,DirectoryFileComparatorTest,0,46,0,0,0,11,0,4,0,4
"commons-io (Apr 1, 2019 3:03:36 PM)/commons-io/src/test/java",org.apache.commons.io.comparator,ExtensionFileComparatorTest,7,122,7,7,0,19,7,3,0,3
"commons-io (Apr 1, 2019 3:03:36 PM)/commons-io/src/test/java",org.apache.commons.io.comparator,SizeFileComparatorTest,45,183,4,4,3,33,4,4,0,4
