GROUP,PACKAGE,CLASS,INSTRUCTION_MISSED,INSTRUCTION_COVERED,BRANCH_MISSED,BRANCH_COVERED,LINE_MISSED,LINE_COVERED,COMPLEXITY_MISSED,COMPLEXITY_COVERED,METHOD_MISSED,METHOD_COVERED
httpclient5 (1-Apr-2019 8:21:42 PM)/httpclient5/src/main/java,org.apache.hc.client5.http.entity.mime,MultipartEntityBuilder,28,326,5,27,6,75,6,34,1,22
httpclient5 (1-Apr-2019 8:21:42 PM)/httpclient5/src/main/java,org.apache.hc.client5.http.entity.mime,HttpRFC7578Multipart.PercentCodec,61,77,7,9,14,21,5,7,1,3
httpclient5 (1-Apr-2019 8:21:42 PM)/httpclient5/src/main/java,org.apache.hc.client5.http.entity.mime,HttpMultipartMode,0,44,0,0,0,9,0,1,0,1
httpclient5 (1-Apr-2019 8:21:42 PM)/httpclient5/src/main/java,org.apache.hc.client5.http.entity.mime,HttpStrictMultipart,0,29,0,2,0,8,0,4,0,3
httpclient5 (1-Apr-2019 8:21:42 PM)/httpclient5/src/main/java,org.apache.hc.client5.http.entity.mime,FormBodyPart,16,32,1,1,3,10,2,4,1,4
httpclient5 (1-Apr-2019 8:21:42 PM)/httpclient5/src/main/java,org.apache.hc.client5.http.entity.mime,MultipartFormEntity,48,56,5,7,11,14,7,12,4,9
httpclient5 (1-Apr-2019 8:21:42 PM)/httpclient5/src/main/java,org.apache.hc.client5.http.entity.mime,HttpRFC7578Multipart.Utils,24,7,2,0,5,1,3,1,2,1
httpclient5 (1-Apr-2019 8:21:42 PM)/httpclient5/src/main/java,org.apache.hc.client5.http.entity.mime,AbstractContentBody,4,61,2,4,2,16,2,7,0,6
httpclient5 (1-Apr-2019 8:21:42 PM)/httpclient5/src/main/java,org.apache.hc.client5.http.entity.mime,FileBody,14,76,3,5,2,18,5,7,2,6
httpclient5 (1-Apr-2019 8:21:42 PM)/httpclient5/src/main/java,org.apache.hc.client5.http.entity.mime,FormBodyPartBuilder,34,194,4,10,7,45,3,15,0,11
httpclient5 (1-Apr-2019 8:21:42 PM)/httpclient5/src/main/java,org.apache.hc.client5.http.entity.mime,ByteArrayBody,13,22,0,0,5,7,3,3,3,3
httpclient5 (1-Apr-2019 8:21:42 PM)/httpclient5/src/main/java,org.apache.hc.client5.http.entity.mime,HttpRFC7578Multipart,0,108,1,9,0,28,1,8,0,4
httpclient5 (1-Apr-2019 8:21:42 PM)/httpclient5/src/main/java,org.apache.hc.client5.http.entity.mime,AbstractMultipartForm,8,216,0,10,4,59,1,16,1,11
httpclient5 (1-Apr-2019 8:21:42 PM)/httpclient5/src/main/java,org.apache.hc.client5.http.entity.mime,MinimalField,31,89,1,3,7,24,3,7,2,6
httpclient5 (1-Apr-2019 8:21:42 PM)/httpclient5/src/main/java,org.apache.hc.client5.http.entity.mime,Header,83,127,22,12,25,33,17,9,2,7
httpclient5 (1-Apr-2019 8:21:42 PM)/httpclient5/src/main/java,org.apache.hc.client5.http.entity.mime,StringBody,18,56,2,4,4,14,2,6,1,4
httpclient5 (1-Apr-2019 8:21:42 PM)/httpclient5/src/main/java,org.apache.hc.client5.http.entity.mime,MIME,3,0,0,0,1,0,1,0,1,0
httpclient5 (1-Apr-2019 8:21:42 PM)/httpclient5/src/main/java,org.apache.hc.client5.http.entity.mime,HttpBrowserCompatibleMultipart,0,39,1,1,0,12,1,3,0,3
httpclient5 (1-Apr-2019 8:21:42 PM)/httpclient5/src/main/java,org.apache.hc.client5.http.entity.mime,InputStreamBody,5,74,1,3,1,22,2,8,1,7
httpclient5 (1-Apr-2019 8:21:42 PM)/httpclient5/src/main/java,org.apache.hc.client5.http.entity.mime,HttpRFC6532Multipart,0,30,0,2,0,8,0,4,0,3
httpclient5 (1-Apr-2019 8:21:42 PM)/httpclient5/src/main/java,org.apache.hc.client5.http.psl,PublicSuffixListParser,9,181,6,36,3,56,6,18,0,3
httpclient5 (1-Apr-2019 8:21:42 PM)/httpclient5/src/main/java,org.apache.hc.client5.http.psl,PublicSuffixMatcherLoader,64,31,4,4,16,8,7,2,4,1
httpclient5 (1-Apr-2019 8:21:42 PM)/httpclient5/src/main/java,org.apache.hc.client5.http.psl,PublicSuffixList,6,33,0,2,2,8,1,5,1,4
httpclient5 (1-Apr-2019 8:21:42 PM)/httpclient5/src/main/java,org.apache.hc.client5.http.psl,PublicSuffixMatcher,83,196,13,33,18,44,10,23,1,9
httpclient5 (1-Apr-2019 8:21:42 PM)/httpclient5/src/main/java,org.apache.hc.client5.http.psl,DomainType,0,34,0,0,0,2,0,1,0,1
httpclient5 (1-Apr-2019 8:21:42 PM)/httpclient5/src/main/java,org.apache.hc.client5.http.async.methods,AbstractCharPushConsumer,50,0,8,0,15,0,7,0,3,0
httpclient5 (1-Apr-2019 8:21:42 PM)/httpclient5/src/main/java,org.apache.hc.client5.http.async.methods,SimpleHttpRequests.new SimpleHttpRequests() {...},21,0,0,0,3,0,3,0,3,0
httpclient5 (1-Apr-2019 8:21:42 PM)/httpclient5/src/main/java,org.apache.hc.client5.http.async.methods,SimpleHttpRequests.new SimpleHttpRequests() {...},21,0,0,0,3,0,3,0,3,0
httpclient5 (1-Apr-2019 8:21:42 PM)/httpclient5/src/main/java,org.apache.hc.client5.http.async.methods,SimpleHttpRequests.new SimpleHttpRequests() {...},21,0,0,0,3,0,3,0,3,0
httpclient5 (1-Apr-2019 8:21:42 PM)/httpclient5/src/main/java,org.apache.hc.client5.http.async.methods,HttpRequests.new HttpRequests() {...},8,13,0,0,1,2,1,2,1,2
httpclient5 (1-Apr-2019 8:21:42 PM)/httpclient5/src/main/java,org.apache.hc.client5.http.async.methods,HttpRequests.new HttpRequests() {...},8,13,0,0,1,2,1,2,1,2
httpclient5 (1-Apr-2019 8:21:42 PM)/httpclient5/src/main/java,org.apache.hc.client5.http.async.methods,ConfigurableHttpRequest,23,0,0,0,9,0,5,0,5,0
httpclient5 (1-Apr-2019 8:21:42 PM)/httpclient5/src/main/java,org.apache.hc.client5.http.async.methods,HttpRequests.new HttpRequests() {...},8,13,0,0,1,2,1,2,1,2
httpclient5 (1-Apr-2019 8:21:42 PM)/httpclient5/src/main/java,org.apache.hc.client5.http.async.methods,AbstractCharResponseConsumer,58,0,8,0,19,0,9,0,5,0
httpclient5 (1-Apr-2019 8:21:42 PM)/httpclient5/src/main/java,org.apache.hc.client5.http.async.methods,SimpleHttpRequests.new SimpleHttpRequests() {...},21,0,0,0,3,0,3,0,3,0
httpclient5 (1-Apr-2019 8:21:42 PM)/httpclient5/src/main/java,org.apache.hc.client5.http.async.methods,HttpRequests.new HttpRequests() {...},8,13,0,0,1,2,1,2,1,2
httpclient5 (1-Apr-2019 8:21:42 PM)/httpclient5/src/main/java,org.apache.hc.client5.http.async.methods,AbstractBinResponseConsumer,43,0,4,0,14,0,7,0,5,0
httpclient5 (1-Apr-2019 8:21:42 PM)/httpclient5/src/main/java,org.apache.hc.client5.http.async.methods,HttpRequests.new HttpRequests() {...},8,13,0,0,1,2,1,2,1,2
httpclient5 (1-Apr-2019 8:21:42 PM)/httpclient5/src/main/java,org.apache.hc.client5.http.async.methods,IgnoreCompleteExceptonFutureCallback,42,0,6,0,15,0,7,0,4,0
httpclient5 (1-Apr-2019 8:21:42 PM)/httpclient5/src/main/java,org.apache.hc.client5.http.async.methods,SimpleRequestProducer,43,0,4,0,12,0,4,0,2,0
httpclient5 (1-Apr-2019 8:21:42 PM)/httpclient5/src/main/java,org.apache.hc.client5.http.async.methods,AsyncRequestBuilder,663,0,58,0,148,0,98,0,69,0
httpclient5 (1-Apr-2019 8:21:42 PM)/httpclient5/src/main/java,org.apache.hc.client5.http.async.methods,SimpleHttpResponse,124,0,12,0,31,0,21,0,15,0
httpclient5 (1-Apr-2019 8:21:42 PM)/httpclient5/src/main/java,org.apache.hc.client5.http.async.methods,SimpleHttpRequests.new SimpleHttpRequests() {...},21,0,0,0,3,0,3,0,3,0
httpclient5 (1-Apr-2019 8:21:42 PM)/httpclient5/src/main/java,org.apache.hc.client5.http.async.methods,SimpleHttpRequests.new SimpleHttpRequests() {...},21,0,0,0,3,0,3,0,3,0
httpclient5 (1-Apr-2019 8:21:42 PM)/httpclient5/src/main/java,org.apache.hc.client5.http.async.methods,HttpRequests.new HttpRequests() {...},15,6,0,0,2,1,2,1,2,1
httpclient5 (1-Apr-2019 8:21:42 PM)/httpclient5/src/main/java,org.apache.hc.client5.http.async.methods,SimpleHttpRequest,113,0,8,0,28,0,17,0,13,0
httpclient5 (1-Apr-2019 8:21:42 PM)/httpclient5/src/main/java,org.apache.hc.client5.http.async.methods,SimpleHttpRequests.new SimpleHttpRequests() {...},21,0,0,0,3,0,3,0,3,0
httpclient5 (1-Apr-2019 8:21:42 PM)/httpclient5/src/main/java,org.apache.hc.client5.http.async.methods,SimpleHttpRequests,89,0,0,0,10,0,2,0,2,0
httpclient5 (1-Apr-2019 8:21:42 PM)/httpclient5/src/main/java,org.apache.hc.client5.http.async.methods,SimpleBody,158,0,28,0,30,0,23,0,9,0
httpclient5 (1-Apr-2019 8:21:42 PM)/httpclient5/src/main/java,org.apache.hc.client5.http.async.methods,SimpleAsyncEntityConsumer,48,0,6,0,16,0,9,0,6,0
httpclient5 (1-Apr-2019 8:21:42 PM)/httpclient5/src/main/java,org.apache.hc.client5.http.async.methods,SimpleResponseConsumer,23,0,2,0,8,0,5,0,4,0
httpclient5 (1-Apr-2019 8:21:42 PM)/httpclient5/src/main/java,org.apache.hc.client5.http.async.methods,HttpRequests.new HttpRequests() {...},8,13,0,0,1,2,1,2,1,2
httpclient5 (1-Apr-2019 8:21:42 PM)/httpclient5/src/main/java,org.apache.hc.client5.http.async.methods,AbstractBinPushConsumer,36,0,4,0,11,0,5,0,3,0
httpclient5 (1-Apr-2019 8:21:42 PM)/httpclient5/src/main/java,org.apache.hc.client5.http.async.methods,HttpRequests,5,84,0,0,1,9,1,1,1,1
httpclient5 (1-Apr-2019 8:21:42 PM)/httpclient5/src/main/java,org.apache.hc.client5.http.async.methods,HttpRequests.new HttpRequests() {...},8,13,0,0,1,2,1,2,1,2
httpclient5 (1-Apr-2019 8:21:42 PM)/httpclient5/src/main/java,org.apache.hc.client5.http.async.methods,SimpleHttpRequests.new SimpleHttpRequests() {...},21,0,0,0,3,0,3,0,3,0
httpclient5 (1-Apr-2019 8:21:42 PM)/httpclient5/src/main/java,org.apache.hc.client5.http.async,AsyncExecChain.Scope,40,0,2,0,8,0,2,0,1,0
httpclient5 (1-Apr-2019 8:21:42 PM)/httpclient5/src/main/java,org.apache.hc.client5.http.ssl,AbstractClientTlsStrategy.new SSLSessionInitializer() {...},108,0,14,0,20,0,9,0,2,0
httpclient5 (1-Apr-2019 8:21:42 PM)/httpclient5/src/main/java,org.apache.hc.client5.http.ssl,TlsVersionParser,21,163,4,12,3,33,4,8,0,4
httpclient5 (1-Apr-2019 8:21:42 PM)/httpclient5/src/main/java,org.apache.hc.client5.http.ssl,HttpsSupport.new PrivilegedAction() {...},10,0,0,0,2,0,2,0,2,0
httpclient5 (1-Apr-2019 8:21:42 PM)/httpclient5/src/main/java,org.apache.hc.client5.http.ssl,DistinguishedNameParser,2,158,1,9,1,30,1,11,0,7
httpclient5 (1-Apr-2019 8:21:42 PM)/httpclient5/src/main/java,org.apache.hc.client5.http.ssl,AbstractClientTlsStrategy.new SSLSessionVerifier() {...},22,0,0,0,3,0,2,0,2,0
httpclient5 (1-Apr-2019 8:21:42 PM)/httpclient5/src/main/java,org.apache.hc.client5.http.ssl,ConscryptClientTlsStrategy,86,0,4,0,30,0,10,0,8,0
httpclient5 (1-Apr-2019 8:21:42 PM)/httpclient5/src/main/java,org.apache.hc.client5.http.ssl,TrustAllStrategy,10,0,0,0,3,0,3,0,3,0
httpclient5 (1-Apr-2019 8:21:42 PM)/httpclient5/src/main/java,org.apache.hc.client5.http.ssl,HttpsSupport,27,5,2,0,7,1,6,1,5,1
httpclient5 (1-Apr-2019 8:21:42 PM)/httpclient5/src/main/java,org.apache.hc.client5.http.ssl,DefaultHostnameVerifier.HostNameType,0,45,0,0,0,5,0,2,0,2
httpclient5 (1-Apr-2019 8:21:42 PM)/httpclient5/src/main/java,org.apache.hc.client5.http.ssl,NoopHostnameVerifier,12,0,0,0,4,0,4,0,4,0
httpclient5 (1-Apr-2019 8:21:42 PM)/httpclient5/src/main/java,org.apache.hc.client5.http.ssl,SSLConnectionSocketFactoryBuilder,115,0,16,0,36,0,17,0,9,0
httpclient5 (1-Apr-2019 8:21:42 PM)/httpclient5/src/main/java,org.apache.hc.client5.http.ssl,ClientTlsStrategyBuilder,130,0,18,0,39,0,20,0,11,0
httpclient5 (1-Apr-2019 8:21:42 PM)/httpclient5/src/main/java,org.apache.hc.client5.http.ssl,TLS,37,83,2,0,8,9,6,2,5,2
httpclient5 (1-Apr-2019 8:21:42 PM)/httpclient5/src/main/java,org.apache.hc.client5.http.ssl,TrustSelfSignedStrategy,16,0,2,0,3,0,4,0,3,0
httpclient5 (1-Apr-2019 8:21:42 PM)/httpclient5/src/main/java,org.apache.hc.client5.http.ssl,SSLConnectionSocketFactory,331,88,39,5,84,19,30,7,10,5
httpclient5 (1-Apr-2019 8:21:42 PM)/httpclient5/src/main/java,org.apache.hc.client5.http.ssl,SubjectName,6,29,0,0,1,8,1,5,1,5
httpclient5 (1-Apr-2019 8:21:42 PM)/httpclient5/src/main/java,org.apache.hc.client5.http.ssl,DefaultClientTlsStrategy,67,0,2,0,22,0,9,0,8,0
httpclient5 (1-Apr-2019 8:21:42 PM)/httpclient5/src/main/java,org.apache.hc.client5.http.ssl,AbstractClientTlsStrategy,70,0,4,0,16,0,6,0,4,0
httpclient5 (1-Apr-2019 8:21:42 PM)/httpclient5/src/main/java,org.apache.hc.client5.http.ssl,DistinguishedNameParser.InternalTokenParser,1,61,2,12,1,19,2,7,0,2
httpclient5 (1-Apr-2019 8:21:42 PM)/httpclient5/src/main/java,org.apache.hc.client5.http.ssl,TlsSessionValidator,242,6,28,0,50,3,15,1,1,1
httpclient5 (1-Apr-2019 8:21:42 PM)/httpclient5/src/main/java,org.apache.hc.client5.http.ssl,DefaultHostnameVerifier,78,478,20,73,22,104,19,46,1,17
httpclient5 (1-Apr-2019 8:21:42 PM)/httpclient5/src/main/java,org.apache.hc.client5.http.impl.cookie,BasicClientCookie,92,116,4,6,21,36,6,21,4,18
httpclient5 (1-Apr-2019 8:21:42 PM)/httpclient5/src/main/java,org.apache.hc.client5.http.impl.cookie,IgnoreSpec,9,0,0,0,4,0,4,0,4,0
httpclient5 (1-Apr-2019 8:21:42 PM)/httpclient5/src/main/java,org.apache.hc.client5.http.impl.cookie,RFC6265CookieSpecBase,0,4,0,0,0,2,0,1,0,1
httpclient5 (1-Apr-2019 8:21:42 PM)/httpclient5/src/main/java,org.apache.hc.client5.http.impl.cookie,BasicExpiresHandler,0,45,0,4,0,14,0,5,0,3
httpclient5 (1-Apr-2019 8:21:42 PM)/httpclient5/src/main/java,org.apache.hc.client5.http.impl.cookie,RFC6265CookieSpecProvider.CompatibilityLevel,0,34,0,0,0,4,0,1,0,1
httpclient5 (1-Apr-2019 8:21:42 PM)/httpclient5/src/main/java,org.apache.hc.client5.http.impl.cookie,RFC6265CookieSpecProvider.new BasicPathHandler() {...},7,0,0,0,2,0,2,0,2,0
httpclient5 (1-Apr-2019 8:21:42 PM)/httpclient5/src/main/java,org.apache.hc.client5.http.impl.cookie,AbstractCookieSpec,85,0,4,0,18,0,8,0,6,0
httpclient5 (1-Apr-2019 8:21:42 PM)/httpclient5/src/main/java,org.apache.hc.client5.http.impl.cookie,RFC6265CookieSpecProvider,54,116,3,6,12,24,5,4,2,2
httpclient5 (1-Apr-2019 8:21:42 PM)/httpclient5/src/main/java,org.apache.hc.client5.http.impl.cookie,AbstractCookieAttributeHandler,0,6,0,0,0,3,0,3,0,3
httpclient5 (1-Apr-2019 8:21:42 PM)/httpclient5/src/main/java,org.apache.hc.client5.http.impl.cookie,CookieSpecBase,183,0,20,0,44,0,18,0,8,0
httpclient5 (1-Apr-2019 8:21:42 PM)/httpclient5/src/main/java,org.apache.hc.client5.http.impl.cookie,RFC6265LaxSpec,2,39,0,0,1,8,1,2,1,2
httpclient5 (1-Apr-2019 8:21:42 PM)/httpclient5/src/main/java,org.apache.hc.client5.http.impl.cookie,LaxExpiresHandler,12,449,1,63,1,113,1,37,0,6
httpclient5 (1-Apr-2019 8:21:42 PM)/httpclient5/src/main/java,org.apache.hc.client5.http.impl.cookie,BasicMaxAgeHandler,11,46,1,3,2,13,1,4,0,3
httpclient5 (1-Apr-2019 8:21:42 PM)/httpclient5/src/main/java,org.apache.hc.client5.http.impl.cookie,RFC6265CookieSpec,20,554,4,56,4,117,4,36,0,10
httpclient5 (1-Apr-2019 8:21:42 PM)/httpclient5/src/main/java,org.apache.hc.client5.http.impl.cookie,BasicDomainHandler,7,172,6,28,3,45,6,17,0,6
httpclient5 (1-Apr-2019 8:21:42 PM)/httpclient5/src/main/java,org.apache.hc.client5.http.impl.cookie,IgnoreSpecProvider,21,3,4,0,5,2,3,1,1,1
httpclient5 (1-Apr-2019 8:21:42 PM)/httpclient5/src/main/java,org.apache.hc.client5.http.impl.cookie,PublicSuffixDomainFilter,40,112,2,12,12,27,5,10,3,5
httpclient5 (1-Apr-2019 8:21:42 PM)/httpclient5/src/main/java,org.apache.hc.client5.http.impl.cookie,BasicSecureHandler,0,31,0,4,0,9,0,6,0,4
httpclient5 (1-Apr-2019 8:21:42 PM)/httpclient5/src/main/java,org.apache.hc.client5.http.impl.cookie,BasicPathHandler,0,82,0,16,0,23,0,14,0,6
httpclient5 (1-Apr-2019 8:21:42 PM)/httpclient5/src/main/java,org.apache.hc.client5.http.impl.cookie,LaxMaxAgeHandler,2,49,0,6,1,15,0,7,0,4
httpclient5 (1-Apr-2019 8:21:42 PM)/httpclient5/src/main/java,org.apache.hc.client5.http.impl.cookie,RFC6265StrictSpec,38,20,0,0,7,7,2,2,2,2
httpclient5 (1-Apr-2019 8:21:42 PM)/httpclient5/src/main/java,org.apache.hc.client5.http.entity,LazyDecompressingInputStream,15,53,1,3,5,18,4,7,3,6
httpclient5 (1-Apr-2019 8:21:42 PM)/httpclient5/src/main/java,org.apache.hc.client5.http.entity,GzipCompressingEntity,4,25,0,0,1,10,1,5,1,5
httpclient5 (1-Apr-2019 8:21:42 PM)/httpclient5/src/main/java,org.apache.hc.client5.http.entity,DeflateInputStream,32,88,5,5,9,20,11,4,6,4
httpclient5 (1-Apr-2019 8:21:42 PM)/httpclient5/src/main/java,org.apache.hc.client5.http.entity,UrlEncodedFormEntity,11,12,1,1,4,4,3,1,2,1
httpclient5 (1-Apr-2019 8:21:42 PM)/httpclient5/src/main/java,org.apache.hc.client5.http.entity,EntityBuilder,57,185,3,15,16,53,14,21,12,14
httpclient5 (1-Apr-2019 8:21:42 PM)/httpclient5/src/main/java,org.apache.hc.client5.http.entity,DeflateInputStreamFactory,0,15,0,0,0,4,0,4,0,4
httpclient5 (1-Apr-2019 8:21:42 PM)/httpclient5/src/main/java,org.apache.hc.client5.http.entity,DeflateDecompressingEntity,0,5,0,0,0,2,0,1,0,1
httpclient5 (1-Apr-2019 8:21:42 PM)/httpclient5/src/main/java,org.apache.hc.client5.http.entity,DeflateInputStream.DeflateStream,1,20,1,1,1,8,1,2,0,2
httpclient5 (1-Apr-2019 8:21:42 PM)/httpclient5/src/main/java,org.apache.hc.client5.http.entity,GZIPInputStreamFactory,0,15,0,0,0,4,0,4,0,4
httpclient5 (1-Apr-2019 8:21:42 PM)/httpclient5/src/main/java,org.apache.hc.client5.http.entity,DecompressingEntity,2,63,0,6,1,17,1,8,1,5
httpclient5 (1-Apr-2019 8:21:42 PM)/httpclient5/src/main/java,org.apache.hc.client5.http.entity,GzipDecompressingEntity,0,5,0,0,0,2,0,1,0,1
httpclient5 (1-Apr-2019 8:21:42 PM)/httpclient5/src/main/java,org.apache.hc.client5.http.config,RequestConfig.Builder,14,143,2,2,4,54,4,17,2,17
httpclient5 (1-Apr-2019 8:21:42 PM)/httpclient5/src/main/java,org.apache.hc.client5.http.config,RequestConfig,21,252,0,0,4,65,2,19,2,19
httpclient5 (1-Apr-2019 8:21:42 PM)/httpclient5/src/main/java,org.apache.hc.client5.http.impl.classic,FutureRequestExecutionMetrics,81,51,0,0,19,14,11,7,11,7
httpclient5 (1-Apr-2019 8:21:42 PM)/httpclient5/src/main/java,org.apache.hc.client5.http.impl.classic,ExecChainElement,24,19,2,0,4,5,2,2,1,2
httpclient5 (1-Apr-2019 8:21:42 PM)/httpclient5/src/main/java,org.apache.hc.client5.http.impl.classic,DefaultBackoffStrategy,0,21,0,6,0,4,0,6,0,3
httpclient5 (1-Apr-2019 8:21:42 PM)/httpclient5/src/main/java,org.apache.hc.client5.http.impl.classic,BackoffStrategyExec,62,0,4,0,19,0,4,0,2,0
httpclient5 (1-Apr-2019 8:21:42 PM)/httpclient5/src/main/java,org.apache.hc.client5.http.impl.classic,ConnectExec,48,328,7,27,8,84,7,17,0,4
httpclient5 (1-Apr-2019 8:21:42 PM)/httpclient5/src/main/java,org.apache.hc.client5.http.impl.classic,ContentCompressionExec,9,184,4,20,0,40,4,12,0,4
httpclient5 (1-Apr-2019 8:21:42 PM)/httpclient5/src/main/java,org.apache.hc.client5.http.impl.classic,RedirectExec,67,256,14,24,10,78,13,8,0,2
httpclient5 (1-Apr-2019 8:21:42 PM)/httpclient5/src/main/java,org.apache.hc.client5.http.impl.classic,ServiceUnavailableRetryExec,29,79,4,6,6,24,3,4,0,2
httpclient5 (1-Apr-2019 8:21:42 PM)/httpclient5/src/main/java,org.apache.hc.client5.http.impl.classic,HttpClientBuilder.new ConnectionReuseStrategy() {...},8,0,0,0,2,0,2,0,2,0
httpclient5 (1-Apr-2019 8:21:42 PM)/httpclient5/src/main/java,org.apache.hc.client5.http.impl.classic,HttpClientBuilder.ResponseInterceptorEntry.Postion,24,0,0,0,1,0,1,0,1,0
httpclient5 (1-Apr-2019 8:21:42 PM)/httpclient5/src/main/java,org.apache.hc.client5.http.impl.classic,ExecChainElement.new ExecChain() {...},0,13,0,0,0,2,0,2,0,2
httpclient5 (1-Apr-2019 8:21:42 PM)/httpclient5/src/main/java,org.apache.hc.client5.http.impl.classic,MainClientExec,43,144,5,9,9,40,4,5,0,2
httpclient5 (1-Apr-2019 8:21:42 PM)/httpclient5/src/main/java,org.apache.hc.client5.http.impl.classic,HttpClientBuilder.ResponseInterceptorEntry,9,0,0,0,4,0,1,0,1,0
httpclient5 (1-Apr-2019 8:21:42 PM)/httpclient5/src/main/java,org.apache.hc.client5.http.impl.classic,ProxyClient,348,0,20,0,70,0,14,0,4,0
httpclient5 (1-Apr-2019 8:21:42 PM)/httpclient5/src/main/java,org.apache.hc.client5.http.impl.classic,HttpClients,21,0,0,0,5,0,5,0,5,0
httpclient5 (1-Apr-2019 8:21:42 PM)/httpclient5/src/main/java,org.apache.hc.client5.http.impl.classic,HttpClientBuilder.ExecInterceptorEntry.Postion,54,0,0,0,1,0,1,0,1,0
httpclient5 (1-Apr-2019 8:21:42 PM)/httpclient5/src/main/java,org.apache.hc.client5.http.impl.classic,CloseableHttpClient,43,91,2,4,10,23,4,9,2,8
httpclient5 (1-Apr-2019 8:21:42 PM)/httpclient5/src/main/java,org.apache.hc.client5.http.impl.classic,HttpClientBuilder.RequestInterceptorEntry,9,0,0,0,4,0,1,0,1,0
httpclient5 (1-Apr-2019 8:21:42 PM)/httpclient5/src/main/java,org.apache.hc.client5.http.impl.classic,CloseableHttpResponse,111,63,0,6,33,20,23,10,23,7
httpclient5 (1-Apr-2019 8:21:42 PM)/httpclient5/src/main/java,org.apache.hc.client5.http.impl.classic,HttpClientBuilder.ExecInterceptorEntry,15,0,0,0,6,0,1,0,1,0
httpclient5 (1-Apr-2019 8:21:42 PM)/httpclient5/src/main/java,org.apache.hc.client5.http.impl.classic,InternalExecRuntime,81,304,17,31,20,86,17,25,2,16
httpclient5 (1-Apr-2019 8:21:42 PM)/httpclient5/src/main/java,org.apache.hc.client5.http.impl.classic,BasicHttpClientResponseHandler,6,11,0,0,2,3,0,3,0,3
httpclient5 (1-Apr-2019 8:21:42 PM)/httpclient5/src/main/java,org.apache.hc.client5.http.impl.classic,HttpClientBuilder,715,453,94,46,178,140,114,6,43,5
httpclient5 (1-Apr-2019 8:21:42 PM)/httpclient5/src/main/java,org.apache.hc.client5.http.impl.classic,HttpClientBuilder.RequestInterceptorEntry.Postion,24,0,0,0,1,0,1,0,1,0
httpclient5 (1-Apr-2019 8:21:42 PM)/httpclient5/src/main/java,org.apache.hc.client5.http.impl.classic,ClassicRequestCopier,2,48,1,3,1,11,1,4,0,3
httpclient5 (1-Apr-2019 8:21:42 PM)/httpclient5/src/main/java,org.apache.hc.client5.http.impl.classic,RequestAbortedException,14,0,2,0,6,0,3,0,2,0
httpclient5 (1-Apr-2019 8:21:42 PM)/httpclient5/src/main/java,org.apache.hc.client5.http.impl.classic,AbstractHttpClientResponseHandler,2,26,1,3,0,6,1,3,0,2
httpclient5 (1-Apr-2019 8:21:42 PM)/httpclient5/src/main/java,org.apache.hc.client5.http.impl.classic,MinimalHttpClient,255,0,22,0,64,0,14,0,3,0
httpclient5 (1-Apr-2019 8:21:42 PM)/httpclient5/src/main/java,org.apache.hc.client5.http.impl.classic,HttpRequestTaskCallable,20,123,3,5,6,33,6,4,3,3
httpclient5 (1-Apr-2019 8:21:42 PM)/httpclient5/src/main/java,org.apache.hc.client5.http.impl.classic,NullBackoffStrategy,0,7,0,0,0,3,0,3,0,3
httpclient5 (1-Apr-2019 8:21:42 PM)/httpclient5/src/main/java,org.apache.hc.client5.http.impl.classic,HttpRequestFutureTask,52,28,8,2,12,8,11,2,6,2
httpclient5 (1-Apr-2019 8:21:42 PM)/httpclient5/src/main/java,org.apache.hc.client5.http.impl.classic,InternalHttpClient,20,226,10,22,3,52,9,13,1,5
httpclient5 (1-Apr-2019 8:21:42 PM)/httpclient5/src/main/java,org.apache.hc.client5.http.impl.classic,RequestEntityProxy,100,6,7,1,28,3,20,1,16,1
httpclient5 (1-Apr-2019 8:21:42 PM)/httpclient5/src/main/java,org.apache.hc.client5.http.impl.classic,SystemClock,5,0,0,0,2,0,2,0,2,0
httpclient5 (1-Apr-2019 8:21:42 PM)/httpclient5/src/main/java,org.apache.hc.client5.http.impl.classic,FutureRequestExecutionMetrics.DurationCounter,41,27,2,0,8,6,4,2,3,2
httpclient5 (1-Apr-2019 8:21:42 PM)/httpclient5/src/main/java,org.apache.hc.client5.http.impl.classic,ProtocolExec,73,318,20,34,14,83,19,11,0,3
httpclient5 (1-Apr-2019 8:21:42 PM)/httpclient5/src/main/java,org.apache.hc.client5.http.impl.classic,RequestFailedException,0,14,1,1,0,6,1,2,0,2
httpclient5 (1-Apr-2019 8:21:42 PM)/httpclient5/src/main/java,org.apache.hc.client5.http.impl.classic,AIMDBackoffManager,8,207,3,13,2,45,4,13,1,8
httpclient5 (1-Apr-2019 8:21:42 PM)/httpclient5/src/main/java,org.apache.hc.client5.http.impl.classic,ResponseEntityProxy,13,117,13,13,5,45,15,9,2,9
httpclient5 (1-Apr-2019 8:21:42 PM)/httpclient5/src/main/java,org.apache.hc.client5.http.impl.classic,FutureRequestExecutionService,8,77,2,2,2,20,3,4,1,4
httpclient5 (1-Apr-2019 8:21:42 PM)/httpclient5/src/main/java,org.apache.hc.client5.http.impl.classic,RetryExec,58,94,5,11,12,26,5,5,0,2
httpclient5 (1-Apr-2019 8:21:42 PM)/httpclient5/src/main/java,org.apache.hc.client5.http.impl.classic,HttpClientBuilder.new Closeable() {...},22,0,0,0,6,0,2,0,2,0
httpclient5 (1-Apr-2019 8:21:42 PM)/httpclient5/src/main/java,org.apache.hc.client5.http.nio,AsyncConnectionEndpoint.new FutureCallback() {...},26,0,0,0,7,0,4,0,4,0
httpclient5 (1-Apr-2019 8:21:42 PM)/httpclient5/src/main/java,org.apache.hc.client5.http.nio,AsyncConnectionEndpoint,62,0,2,0,14,0,8,0,7,0
httpclient5 (1-Apr-2019 8:21:42 PM)/httpclient5/src/main/java,org.apache.hc.client5.http.impl.nio,PoolingAsyncClientConnectionManagerBuilder,131,0,14,0,53,0,20,0,13,0
httpclient5 (1-Apr-2019 8:21:42 PM)/httpclient5/src/main/java,org.apache.hc.client5.http.impl.nio,MultuhomeConnectionInitiator,46,0,0,0,8,0,3,0,3,0
httpclient5 (1-Apr-2019 8:21:42 PM)/httpclient5/src/main/java,org.apache.hc.client5.http.impl.nio,DefaultAsyncClientConnectionOperator,114,0,10,0,31,0,8,0,3,0
httpclient5 (1-Apr-2019 8:21:42 PM)/httpclient5/src/main/java,org.apache.hc.client5.http.impl.nio,DefaultManagedAsyncClientConnection,246,0,28,0,52,0,31,0,17,0
httpclient5 (1-Apr-2019 8:21:42 PM)/httpclient5/src/main/java,org.apache.hc.client5.http.impl.nio,MultihomeIOSessionRequester,66,0,4,0,14,0,5,0,3,0
httpclient5 (1-Apr-2019 8:21:42 PM)/httpclient5/src/main/java,org.apache.hc.client5.http.impl.nio,PoolingAsyncClientConnectionManager.InternalConnectionEndpoint,171,0,18,0,40,0,18,0,9,0
httpclient5 (1-Apr-2019 8:21:42 PM)/httpclient5/src/main/java,org.apache.hc.client5.http.impl.nio,PoolingAsyncClientConnectionManager.new FutureCallback() {...},169,0,18,0,32,0,14,0,5,0
httpclient5 (1-Apr-2019 8:21:42 PM)/httpclient5/src/main/java,org.apache.hc.client5.http.impl.nio,MultihomeIOSessionRequester.new Runnable() {...},79,0,0,0,15,0,3,0,3,0
httpclient5 (1-Apr-2019 8:21:42 PM)/httpclient5/src/main/java,org.apache.hc.client5.http.impl.nio,PoolingAsyncClientConnectionManager.new FutureCallback() {...},66,0,2,0,12,0,5,0,4,0
httpclient5 (1-Apr-2019 8:21:42 PM)/httpclient5/src/main/java,org.apache.hc.client5.http.impl.nio,PoolingAsyncClientConnectionManager,528,0,35,0,131,0,46,0,28,0
httpclient5 (1-Apr-2019 8:21:42 PM)/httpclient5/src/main/java,org.apache.hc.client5.http.impl.nio,DefaultAsyncClientConnectionOperator.new FutureCallback() {...},61,0,2,0,16,0,5,0,4,0
httpclient5 (1-Apr-2019 8:21:42 PM)/httpclient5/src/main/java,org.apache.hc.client5.http.routing,RoutingSupport,8,50,4,10,3,14,5,5,1,2
httpclient5 (1-Apr-2019 8:21:42 PM)/httpclient5/src/main/java,org.apache.hc.client5.http.socket,PlainConnectionSocketFactory,12,33,3,3,3,10,3,5,0,5
httpclient5 (1-Apr-2019 8:21:42 PM)/httpclient5/src/main/java,org.apache.hc.client5.http.cookie,CookiePriorityComparator,0,51,1,7,0,13,1,7,0,4
httpclient5 (1-Apr-2019 8:21:42 PM)/httpclient5/src/main/java,org.apache.hc.client5.http.cookie,CookieOrigin,42,48,2,2,10,16,2,6,1,5
httpclient5 (1-Apr-2019 8:21:42 PM)/httpclient5/src/main/java,org.apache.hc.client5.http.cookie,CookieSpecs,0,45,0,0,0,10,0,2,0,2
httpclient5 (1-Apr-2019 8:21:42 PM)/httpclient5/src/main/java,org.apache.hc.client5.http.cookie,CookiePathComparator,0,58,0,10,0,18,0,9,0,4
httpclient5 (1-Apr-2019 8:21:42 PM)/httpclient5/src/main/java,org.apache.hc.client5.http.cookie,MalformedCookieException,8,4,0,0,4,2,2,1,2,1
httpclient5 (1-Apr-2019 8:21:42 PM)/httpclient5/src/main/java,org.apache.hc.client5.http.cookie,CookieRestrictionViolationException,3,4,0,0,2,2,1,1,1,1
httpclient5 (1-Apr-2019 8:21:42 PM)/httpclient5/src/main/java,org.apache.hc.client5.http.cookie,BasicCookieStore,16,137,3,11,4,36,4,11,1,7
httpclient5 (1-Apr-2019 8:21:42 PM)/httpclient5/src/main/java,org.apache.hc.client5.http.cookie,CookieIdentityComparator,0,81,0,16,0,23,0,10,0,2
httpclient5 (1-Apr-2019 8:21:42 PM)/httpclient5/src/main/java,org.apache.hc.client5.http.protocol,RequestClientConnControl,5,44,1,9,2,14,1,6,0,2
httpclient5 (1-Apr-2019 8:21:42 PM)/httpclient5/src/main/java,org.apache.hc.client5.http.protocol,RequestExpectContinue,0,44,4,8,0,12,4,4,0,2
httpclient5 (1-Apr-2019 8:21:42 PM)/httpclient5/src/main/java,org.apache.hc.client5.http.protocol,RedirectLocations,10,42,0,0,2,12,2,5,2,5
httpclient5 (1-Apr-2019 8:21:42 PM)/httpclient5/src/main/java,org.apache.hc.client5.http.protocol,ResponseProcessCookies,127,97,9,11,24,30,6,8,1,3
httpclient5 (1-Apr-2019 8:21:42 PM)/httpclient5/src/main/java,org.apache.hc.client5.http.protocol,RequestAuthCache,53,100,9,15,9,34,8,6,0,2
httpclient5 (1-Apr-2019 8:21:42 PM)/httpclient5/src/main/java,org.apache.hc.client5.http.protocol,RequestAddCookies,53,217,8,36,7,60,7,17,0,2
httpclient5 (1-Apr-2019 8:21:42 PM)/httpclient5/src/main/java,org.apache.hc.client5.http.protocol,RequestDefaultHeaders,3,43,1,7,1,13,1,6,0,3
httpclient5 (1-Apr-2019 8:21:42 PM)/httpclient5/src/main/java,org.apache.hc.client5.http.protocol,HttpClientContext,21,193,0,8,6,50,2,30,2,26
httpclient5 (1-Apr-2019 8:21:42 PM)/httpclient5/src/main/java,org.apache.hc.client5.http.utils,URIUtils,61,541,17,83,16,127,16,44,2,8
httpclient5 (1-Apr-2019 8:21:42 PM)/httpclient5/src/main/java,org.apache.hc.client5.http.utils,DateUtils,6,227,10,32,4,58,11,20,1,9
httpclient5 (1-Apr-2019 8:21:42 PM)/httpclient5/src/main/java,org.apache.hc.client5.http.utils,DateUtils.DateFormatHolder,6,53,0,6,3,12,2,5,2,2
httpclient5 (1-Apr-2019 8:21:42 PM)/httpclient5/src/main/java,org.apache.hc.client5.http.utils,ByteArrayBuilder,30,322,13,49,6,80,13,36,1,17
httpclient5 (1-Apr-2019 8:21:42 PM)/httpclient5/src/main/java,org.apache.hc.client5.http.classic.methods,ClassicHttpRequests.new ClassicHttpRequests() {...},0,11,0,0,0,2,0,2,0,2
httpclient5 (1-Apr-2019 8:21:42 PM)/httpclient5/src/main/java,org.apache.hc.client5.http.classic.methods,ClassicHttpRequests.new ClassicHttpRequests() {...},0,11,0,0,0,2,0,2,0,2
httpclient5 (1-Apr-2019 8:21:42 PM)/httpclient5/src/main/java,org.apache.hc.client5.http.classic.methods,HttpDelete,5,5,0,0,2,2,1,1,1,1
httpclient5 (1-Apr-2019 8:21:42 PM)/httpclient5/src/main/java,org.apache.hc.client5.http.classic.methods,HttpGet,0,10,0,0,0,4,0,2,0,2
httpclient5 (1-Apr-2019 8:21:42 PM)/httpclient5/src/main/java,org.apache.hc.client5.http.classic.methods,ClassicHttpRequests.new ClassicHttpRequests() {...},0,11,0,0,0,2,0,2,0,2
httpclient5 (1-Apr-2019 8:21:42 PM)/httpclient5/src/main/java,org.apache.hc.client5.http.classic.methods,HttpOptions,2,37,0,2,1,11,1,4,1,3
httpclient5 (1-Apr-2019 8:21:42 PM)/httpclient5/src/main/java,org.apache.hc.client5.http.classic.methods,ClassicHttpRequests.new ClassicHttpRequests() {...},0,11,0,0,0,2,0,2,0,2
httpclient5 (1-Apr-2019 8:21:42 PM)/httpclient5/src/main/java,org.apache.hc.client5.http.classic.methods,HttpPut,5,5,0,0,2,2,1,1,1,1
httpclient5 (1-Apr-2019 8:21:42 PM)/httpclient5/src/main/java,org.apache.hc.client5.http.classic.methods,HttpHead,5,5,0,0,2,2,1,1,1,1
httpclient5 (1-Apr-2019 8:21:42 PM)/httpclient5/src/main/java,org.apache.hc.client5.http.classic.methods,HttpPost,0,10,0,0,0,4,0,2,0,2
httpclient5 (1-Apr-2019 8:21:42 PM)/httpclient5/src/main/java,org.apache.hc.client5.http.classic.methods,HttpPatch,5,5,0,0,2,2,1,1,1,1
httpclient5 (1-Apr-2019 8:21:42 PM)/httpclient5/src/main/java,org.apache.hc.client5.http.classic.methods,ClassicHttpRequests.new ClassicHttpRequests() {...},0,11,0,0,0,2,0,2,0,2
httpclient5 (1-Apr-2019 8:21:42 PM)/httpclient5/src/main/java,org.apache.hc.client5.http.classic.methods,ClassicHttpRequests.new ClassicHttpRequests() {...},0,11,0,0,0,2,0,2,0,2
httpclient5 (1-Apr-2019 8:21:42 PM)/httpclient5/src/main/java,org.apache.hc.client5.http.classic.methods,HttpTrace,10,0,0,0,4,0,2,0,2,0
httpclient5 (1-Apr-2019 8:21:42 PM)/httpclient5/src/main/java,org.apache.hc.client5.http.classic.methods,ClassicHttpRequests.new ClassicHttpRequests() {...},0,11,0,0,0,2,0,2,0,2
httpclient5 (1-Apr-2019 8:21:42 PM)/httpclient5/src/main/java,org.apache.hc.client5.http.classic.methods,ClassicHttpRequests.new ClassicHttpRequests() {...},5,6,0,0,1,1,1,1,1,1
httpclient5 (1-Apr-2019 8:21:42 PM)/httpclient5/src/main/java,org.apache.hc.client5.http.classic.methods,RequestBuilder,273,451,20,46,60,113,46,48,27,34
httpclient5 (1-Apr-2019 8:21:42 PM)/httpclient5/src/main/java,org.apache.hc.client5.http.classic.methods,ClassicHttpRequests,0,89,0,0,0,10,0,2,0,2
httpclient5 (1-Apr-2019 8:21:42 PM)/httpclient5/src/main/java,org.apache.hc.client5.http.classic.methods,HttpUriRequestBase,45,53,5,3,13,15,8,6,4,6
httpclient5 (1-Apr-2019 8:21:42 PM)/httpclient5/src/main/java,org.apache.hc.client5.http.impl.auth,SystemDefaultCredentialsProvider,143,154,24,18,32,42,20,9,3,5
httpclient5 (1-Apr-2019 8:21:42 PM)/httpclient5/src/main/java,org.apache.hc.client5.http.impl.auth,NTLMScheme,212,21,28,0,49,8,22,3,8,3
httpclient5 (1-Apr-2019 8:21:42 PM)/httpclient5/src/main/java,org.apache.hc.client5.http.impl.auth,DigestScheme,56,964,2,86,12,181,7,58,5,16
httpclient5 (1-Apr-2019 8:21:42 PM)/httpclient5/src/main/java,org.apache.hc.client5.http.impl.auth,NTLMEngineImpl,370,838,23,15,74,164,28,28,13,24
httpclient5 (1-Apr-2019 8:21:42 PM)/httpclient5/src/main/java,org.apache.hc.client5.http.impl.auth,KerberosSchemeFactory,8,9,0,0,1,4,1,1,1,1
httpclient5 (1-Apr-2019 8:21:42 PM)/httpclient5/src/main/java,org.apache.hc.client5.http.impl.auth,NTLMScheme.State,0,64,0,0,0,7,0,1,0,1
httpclient5 (1-Apr-2019 8:21:42 PM)/httpclient5/src/main/java,org.apache.hc.client5.http.impl.auth,NTLMEngineImpl.MD4,0,1210,0,10,0,104,0,12,0,7
httpclient5 (1-Apr-2019 8:21:42 PM)/httpclient5/src/main/java,org.apache.hc.client5.http.impl.auth,NTLMEngineImpl.NTLMMessage,173,135,15,5,35,30,19,9,10,8
httpclient5 (1-Apr-2019 8:21:42 PM)/httpclient5/src/main/java,org.apache.hc.client5.http.impl.auth,GGSSchemeBase,425,0,45,0,83,0,37,0,13,0
httpclient5 (1-Apr-2019 8:21:42 PM)/httpclient5/src/main/java,org.apache.hc.client5.http.impl.auth,SPNegoSchemeFactory,8,9,0,0,1,4,1,1,1,1
httpclient5 (1-Apr-2019 8:21:42 PM)/httpclient5/src/main/java,org.apache.hc.client5.http.impl.auth,BasicCredentialsProvider,8,71,0,8,3,20,2,8,2,4
httpclient5 (1-Apr-2019 8:21:42 PM)/httpclient5/src/main/java,org.apache.hc.client5.http.impl.auth,KerberosScheme,22,0,0,0,7,0,5,0,5,0
httpclient5 (1-Apr-2019 8:21:42 PM)/httpclient5/src/main/java,org.apache.hc.client5.http.impl.auth,GGSSchemeBase.State,44,0,0,0,5,0,1,0,1,0
httpclient5 (1-Apr-2019 8:21:42 PM)/httpclient5/src/main/java,org.apache.hc.client5.http.impl.auth,SPNegoScheme,22,0,0,0,7,0,5,0,5,0
httpclient5 (1-Apr-2019 8:21:42 PM)/httpclient5/src/main/java,org.apache.hc.client5.http.impl.auth,NTLMSchemeFactory,4,3,0,0,1,1,1,1,1,1
httpclient5 (1-Apr-2019 8:21:42 PM)/httpclient5/src/main/java,org.apache.hc.client5.http.impl.auth,NTLMEngineImpl.Mode,24,0,0,0,2,0,1,0,1,0
httpclient5 (1-Apr-2019 8:21:42 PM)/httpclient5/src/main/java,org.apache.hc.client5.http.impl.auth,AuthChallengeParser,3,247,2,38,1,45,2,23,0,5
httpclient5 (1-Apr-2019 8:21:42 PM)/httpclient5/src/main/java,org.apache.hc.client5.http.impl.auth,NTLMEngineImpl.CipherGen,97,445,17,25,19,110,17,26,3,19
httpclient5 (1-Apr-2019 8:21:42 PM)/httpclient5/src/main/java,org.apache.hc.client5.http.impl.auth,NTLMEngineException,12,0,0,0,6,0,3,0,3,0
httpclient5 (1-Apr-2019 8:21:42 PM)/httpclient5/src/main/java,org.apache.hc.client5.http.impl.auth,BasicAuthCache,54,122,8,8,13,33,6,9,1,6
httpclient5 (1-Apr-2019 8:21:42 PM)/httpclient5/src/main/java,org.apache.hc.client5.http.impl.auth,NTLMEngineImpl.Type3Message,125,469,20,24,34,128,21,9,4,4
httpclient5 (1-Apr-2019 8:21:42 PM)/httpclient5/src/main/java,org.apache.hc.client5.http.impl.auth,DigestSchemeFactory,0,7,0,0,0,2,0,2,0,2
httpclient5 (1-Apr-2019 8:21:42 PM)/httpclient5/src/main/java,org.apache.hc.client5.http.impl.auth,NTLMEngineImpl.Type1Message,4,131,3,11,0,41,3,9,0,5
httpclient5 (1-Apr-2019 8:21:42 PM)/httpclient5/src/main/java,org.apache.hc.client5.http.impl.auth,HttpAuthenticator,169,461,26,64,29,132,23,33,0,7
httpclient5 (1-Apr-2019 8:21:42 PM)/httpclient5/src/main/java,org.apache.hc.client5.http.impl.auth,BasicSchemeFactory,0,16,0,0,0,6,0,3,0,3
httpclient5 (1-Apr-2019 8:21:42 PM)/httpclient5/src/main/java,org.apache.hc.client5.http.impl.auth,HttpEntityDigester,1,55,1,5,1,18,1,7,0,5
httpclient5 (1-Apr-2019 8:21:42 PM)/httpclient5/src/main/java,org.apache.hc.client5.http.impl.auth,UnsupportedDigestAlgorithmException,8,4,0,0,4,2,2,1,2,1
httpclient5 (1-Apr-2019 8:21:42 PM)/httpclient5/src/main/java,org.apache.hc.client5.http.impl.auth,NTLMEngineImpl.Type2Message,78,0,8,0,21,0,10,0,6,0
httpclient5 (1-Apr-2019 8:21:42 PM)/httpclient5/src/main/java,org.apache.hc.client5.http.impl.auth,NTLMEngineImpl.Handle,291,0,8,0,77,0,15,0,11,0
httpclient5 (1-Apr-2019 8:21:42 PM)/httpclient5/src/main/java,org.apache.hc.client5.http.impl.auth,NTLMEngineImpl.HMACMD5,18,91,1,5,5,24,2,5,1,3
httpclient5 (1-Apr-2019 8:21:42 PM)/httpclient5/src/main/java,org.apache.hc.client5.http.impl.auth,BasicScheme,41,184,4,10,12,45,7,15,4,11
httpclient5 (1-Apr-2019 8:21:42 PM)/httpclient5/src/main/java,org.apache.hc.client5.http,RouteTracker,16,473,3,53,6,114,4,48,1,23
httpclient5 (1-Apr-2019 8:21:42 PM)/httpclient5/src/main/java,org.apache.hc.client5.http,SystemDefaultDnsResolver,19,11,4,0,7,3,3,3,1,3
httpclient5 (1-Apr-2019 8:21:42 PM)/httpclient5/src/main/java,org.apache.hc.client5.http,RedirectException,8,4,0,0,4,2,2,1,2,1
httpclient5 (1-Apr-2019 8:21:42 PM)/httpclient5/src/main/java,org.apache.hc.client5.http,UnsupportedSchemeException,0,4,0,0,0,2,0,1,0,1
httpclient5 (1-Apr-2019 8:21:42 PM)/httpclient5/src/main/java,org.apache.hc.client5.http,HttpRoute,0,418,1,67,0,90,1,55,0,22
httpclient5 (1-Apr-2019 8:21:42 PM)/httpclient5/src/main/java,org.apache.hc.client5.http,ClientProtocolException,10,12,0,0,5,5,2,2,2,2
httpclient5 (1-Apr-2019 8:21:42 PM)/httpclient5/src/main/java,org.apache.hc.client5.http,StandardMethods,16,139,2,2,8,18,4,4,2,4
httpclient5 (1-Apr-2019 8:21:42 PM)/httpclient5/src/main/java,org.apache.hc.client5.http,HttpResponseException,0,39,0,2,0,7,0,4,0,3
httpclient5 (1-Apr-2019 8:21:42 PM)/httpclient5/src/main/java,org.apache.hc.client5.http,HttpHostConnectException,3,53,0,10,1,9,1,6,1,1
httpclient5 (1-Apr-2019 8:21:42 PM)/httpclient5/src/main/java,org.apache.hc.client5.http,RouteInfo.TunnelType,0,24,0,0,0,1,0,1,0,1
httpclient5 (1-Apr-2019 8:21:42 PM)/httpclient5/src/main/java,org.apache.hc.client5.http,ConnectTimeoutException,3,66,1,9,1,15,2,7,1,3
httpclient5 (1-Apr-2019 8:21:42 PM)/httpclient5/src/main/java,org.apache.hc.client5.http,CircularRedirectException,8,4,0,0,4,2,2,1,2,1
httpclient5 (1-Apr-2019 8:21:42 PM)/httpclient5/src/main/java,org.apache.hc.client5.http,RouteInfo.LayerType,0,24,0,0,0,1,0,1,0,1
httpclient5 (1-Apr-2019 8:21:42 PM)/httpclient5/src/main/java,org.apache.hc.client5.http.classic,ExecChain.Scope,1,33,1,1,0,7,1,1,0,1
httpclient5 (1-Apr-2019 8:21:42 PM)/httpclient5/src/main/java,org.apache.hc.client5.http.io,ConnectionEndpoint,0,3,0,0,0,1,0,1,0,1
httpclient5 (1-Apr-2019 8:21:42 PM)/httpclient5/src/main/java,org.apache.hc.client5.http.auth,AuthChallenge,3,77,1,5,1,18,2,8,1,6
httpclient5 (1-Apr-2019 8:21:42 PM)/httpclient5/src/main/java,org.apache.hc.client5.http.auth,InvalidCredentialsException,12,0,0,0,6,0,3,0,3,0
httpclient5 (1-Apr-2019 8:21:42 PM)/httpclient5/src/main/java,org.apache.hc.client5.http.auth,AuthExchange.State,0,54,0,0,0,2,0,1,0,1
httpclient5 (1-Apr-2019 8:21:42 PM)/httpclient5/src/main/java,org.apache.hc.client5.http.auth,NTUserPrincipal,8,100,3,11,3,29,5,9,2,5
httpclient5 (1-Apr-2019 8:21:42 PM)/httpclient5/src/main/java,org.apache.hc.client5.http.auth,AuthenticationException,5,7,0,0,2,4,1,2,1,2
httpclient5 (1-Apr-2019 8:21:42 PM)/httpclient5/src/main/java,org.apache.hc.client5.http.auth,ChallengeType,0,24,0,0,0,2,0,1,0,1
httpclient5 (1-Apr-2019 8:21:42 PM)/httpclient5/src/main/java,org.apache.hc.client5.http.auth,NTCredentials,15,168,3,15,4,46,6,17,3,11
httpclient5 (1-Apr-2019 8:21:42 PM)/httpclient5/src/main/java,org.apache.hc.client5.http.auth,BasicUserPrincipal,2,61,2,4,1,19,2,6,0,5
httpclient5 (1-Apr-2019 8:21:42 PM)/httpclient5/src/main/java,org.apache.hc.client5.http.auth,MalformedChallengeException,8,4,0,0,4,2,2,1,2,1
httpclient5 (1-Apr-2019 8:21:42 PM)/httpclient5/src/main/java,org.apache.hc.client5.http.auth,KerberosConfig.Builder,33,22,4,0,10,9,7,2,5,2
httpclient5 (1-Apr-2019 8:21:42 PM)/httpclient5/src/main/java,org.apache.hc.client5.http.auth,AuthScope,36,356,6,60,12,92,7,40,1,13
httpclient5 (1-Apr-2019 8:21:42 PM)/httpclient5/src/main/java,org.apache.hc.client5.http.auth,UsernamePasswordCredentials,0,55,1,5,0,17,1,9,0,7
httpclient5 (1-Apr-2019 8:21:42 PM)/httpclient5/src/main/java,org.apache.hc.client5.http.auth,AuthSchemes,0,67,0,0,0,14,0,2,0,2
httpclient5 (1-Apr-2019 8:21:42 PM)/httpclient5/src/main/java,org.apache.hc.client5.http.auth,KerberosConfig,72,18,0,0,18,6,8,2,8,2
httpclient5 (1-Apr-2019 8:21:42 PM)/httpclient5/src/main/java,org.apache.hc.client5.http.auth,KerberosCredentials,13,0,0,0,6,0,4,0,4,0
httpclient5 (1-Apr-2019 8:21:42 PM)/httpclient5/src/main/java,org.apache.hc.client5.http.auth,KerberosConfig.Option,0,34,0,0,0,4,0,1,0,1
httpclient5 (1-Apr-2019 8:21:42 PM)/httpclient5/src/main/java,org.apache.hc.client5.http.auth,AuthExchange,29,62,4,4,6,20,4,10,1,9
httpclient5 (1-Apr-2019 8:21:42 PM)/httpclient5/src/main/java,org.apache.hc.client5.http.impl,CookieSpecSupport,3,31,0,0,1,8,1,3,1,3
httpclient5 (1-Apr-2019 8:21:42 PM)/httpclient5/src/main/java,org.apache.hc.client5.http.impl,IdleConnectionEvictor.new Runnable() {...},2,39,1,3,1,9,1,3,0,2
httpclient5 (1-Apr-2019 8:21:42 PM)/httpclient5/src/main/java,org.apache.hc.client5.http.impl,Operations,25,0,4,0,9,0,6,0,4,0
httpclient5 (1-Apr-2019 8:21:42 PM)/httpclient5/src/main/java,org.apache.hc.client5.http.impl,DefaultRedirectStrategy,10,116,1,11,2,31,1,10,0,5
httpclient5 (1-Apr-2019 8:21:42 PM)/httpclient5/src/main/java,org.apache.hc.client5.http.impl,DefaultAuthenticationStrategy,41,133,6,12,5,35,5,7,0,3
httpclient5 (1-Apr-2019 8:21:42 PM)/httpclient5/src/main/java,org.apache.hc.client5.http.impl,InMemoryDnsResolver,82,0,6,0,18,0,7,0,4,0
httpclient5 (1-Apr-2019 8:21:42 PM)/httpclient5/src/main/java,org.apache.hc.client5.http.impl,ChainElements,0,84,0,0,0,2,0,1,0,1
httpclient5 (1-Apr-2019 8:21:42 PM)/httpclient5/src/main/java,org.apache.hc.client5.http.impl,DefaultSchemePortResolver,17,19,5,1,6,6,3,3,0,3
httpclient5 (1-Apr-2019 8:21:42 PM)/httpclient5/src/main/java,org.apache.hc.client5.http.impl,AuthSupport,11,91,2,8,4,25,3,5,1,2
httpclient5 (1-Apr-2019 8:21:42 PM)/httpclient5/src/main/java,org.apache.hc.client5.http.impl,TunnelRefusedException,0,10,0,0,0,4,0,2,0,2
httpclient5 (1-Apr-2019 8:21:42 PM)/httpclient5/src/main/java,org.apache.hc.client5.http.impl,DefaultServiceUnavailableRetryStrategy,5,66,0,10,2,17,1,8,1,3
httpclient5 (1-Apr-2019 8:21:42 PM)/httpclient5/src/main/java,org.apache.hc.client5.http.impl,Operations.new Cancellable() {...},5,0,0,0,2,0,2,0,2,0
httpclient5 (1-Apr-2019 8:21:42 PM)/httpclient5/src/main/java,org.apache.hc.client5.http.impl,Operations.CompletedFuture,18,0,0,0,8,0,6,0,6,0
httpclient5 (1-Apr-2019 8:21:42 PM)/httpclient5/src/main/java,org.apache.hc.client5.http.impl,DefaultHttpRequestRetryHandler,2,110,1,11,1,28,1,12,0,7
httpclient5 (1-Apr-2019 8:21:42 PM)/httpclient5/src/main/java,org.apache.hc.client5.http.impl,Wire,313,0,22,0,78,0,27,0,16,0
httpclient5 (1-Apr-2019 8:21:42 PM)/httpclient5/src/main/java,org.apache.hc.client5.http.impl,IdleConnectionEvictor,12,61,3,3,2,15,4,6,1,6
httpclient5 (1-Apr-2019 8:21:42 PM)/httpclient5/src/main/java,org.apache.hc.client5.http.impl,ExecSupport,6,17,0,0,2,2,2,2,2,2
httpclient5 (1-Apr-2019 8:21:42 PM)/httpclient5/src/main/java,org.apache.hc.client5.http.impl,RequestCopier,46,0,4,0,11,0,5,0,3,0
httpclient5 (1-Apr-2019 8:21:42 PM)/httpclient5/src/main/java,org.apache.hc.client5.http.impl,NoopUserTokenHandler,10,0,0,0,3,0,3,0,3,0
httpclient5 (1-Apr-2019 8:21:42 PM)/httpclient5/src/main/java,org.apache.hc.client5.http.impl,DefaultConnectionKeepAliveStrategy,0,43,0,6,0,12,0,6,0,3
httpclient5 (1-Apr-2019 8:21:42 PM)/httpclient5/src/main/java,org.apache.hc.client5.http.impl,Operations.new Cancellable() {...},11,0,0,0,2,0,2,0,2,0
httpclient5 (1-Apr-2019 8:21:42 PM)/httpclient5/src/main/java,org.apache.hc.client5.http.impl,ConnPoolSupport,119,0,8,0,21,0,7,0,3,0
httpclient5 (1-Apr-2019 8:21:42 PM)/httpclient5/src/main/java,org.apache.hc.client5.http.impl,ConnectionShutdownException,0,3,0,0,0,2,0,1,0,1
httpclient5 (1-Apr-2019 8:21:42 PM)/httpclient5/src/main/java,org.apache.hc.client5.http.impl,DefaultUserTokenHandler,17,44,8,6,4,15,7,4,0,4
httpclient5 (1-Apr-2019 8:21:42 PM)/httpclient5/src/main/java,org.apache.hc.client5.http.impl.async,LoggingAsyncClientExchangeHandler.new RequestChannel() {...},55,0,4,0,6,0,4,0,2,0
httpclient5 (1-Apr-2019 8:21:42 PM)/httpclient5/src/main/java,org.apache.hc.client5.http.impl.async,HttpAsyncClientBuilder.RequestInterceptorEntry.Postion,24,0,0,0,1,0,1,0,1,0
httpclient5 (1-Apr-2019 8:21:42 PM)/httpclient5/src/main/java,org.apache.hc.client5.http.impl.async,Http2AsyncClientBuilder.ResponseInterceptorEntry,9,0,0,0,4,0,1,0,1,0
httpclient5 (1-Apr-2019 8:21:42 PM)/httpclient5/src/main/java,org.apache.hc.client5.http.impl.async,HttpAsyncClientBuilder.new PrivilegedAction() {...},8,0,0,0,2,0,2,0,2,0
httpclient5 (1-Apr-2019 8:21:42 PM)/httpclient5/src/main/java,org.apache.hc.client5.http.impl.async,AbstractMinimalHttpAsyncClientBase,35,0,0,0,10,0,3,0,3,0
httpclient5 (1-Apr-2019 8:21:42 PM)/httpclient5/src/main/java,org.apache.hc.client5.http.impl.async,Http2AsyncClientEventHandlerFactory.new Http2StreamListener() {...},249,0,20,0,42,0,20,0,10,0
httpclient5 (1-Apr-2019 8:21:42 PM)/httpclient5/src/main/java,org.apache.hc.client5.http.impl.async,MinimalHttp2AsyncClient.new Resolver() {...},8,0,0,0,2,0,2,0,2,0
httpclient5 (1-Apr-2019 8:21:42 PM)/httpclient5/src/main/java,org.apache.hc.client5.http.impl.async,InternalHttp2AsyncClient,45,0,2,0,10,0,4,0,3,0
httpclient5 (1-Apr-2019 8:21:42 PM)/httpclient5/src/main/java,org.apache.hc.client5.http.impl.async,HttpAsyncClientBuilder.new Closeable() {...},13,0,0,0,3,0,2,0,2,0
httpclient5 (1-Apr-2019 8:21:42 PM)/httpclient5/src/main/java,org.apache.hc.client5.http.impl.async,Http2AsyncClientBuilder.new Callback() {...},14,0,0,0,3,0,2,0,2,0
httpclient5 (1-Apr-2019 8:21:42 PM)/httpclient5/src/main/java,org.apache.hc.client5.http.impl.async,HttpAsyncClientEventHandlerFactory.new Http2StreamListener() {...},249,0,20,0,42,0,20,0,10,0
httpclient5 (1-Apr-2019 8:21:42 PM)/httpclient5/src/main/java,org.apache.hc.client5.http.impl.async,Http2AsyncClientBuilder,1030,0,113,0,266,0,98,0,40,0
httpclient5 (1-Apr-2019 8:21:42 PM)/httpclient5/src/main/java,org.apache.hc.client5.http.impl.async,InternalAbstractHttpAsyncClient,136,0,14,0,35,0,11,0,4,0
httpclient5 (1-Apr-2019 8:21:42 PM)/httpclient5/src/main/java,org.apache.hc.client5.http.impl.async,AbstractHttpAsyncClientBase.Status,34,0,0,0,1,0,1,0,1,0
httpclient5 (1-Apr-2019 8:21:42 PM)/httpclient5/src/main/java,org.apache.hc.client5.http.impl.async,InternalHttpAsyncClient,59,0,4,0,12,0,5,0,3,0
httpclient5 (1-Apr-2019 8:21:42 PM)/httpclient5/src/main/java,org.apache.hc.client5.http.impl.async,Http2AsyncClientBuilder.new HandlerFactory() {...},14,0,0,0,2,0,2,0,2,0
httpclient5 (1-Apr-2019 8:21:42 PM)/httpclient5/src/main/java,org.apache.hc.client5.http.impl.async,HttpAsyncClientBuilder.ResponseInterceptorEntry,9,0,0,0,4,0,1,0,1,0
httpclient5 (1-Apr-2019 8:21:42 PM)/httpclient5/src/main/java,org.apache.hc.client5.http.impl.async,HttpAsyncClientEventHandlerFactory.new Http1StreamListener() {...},138,0,12,0,17,0,10,0,4,0
httpclient5 (1-Apr-2019 8:21:42 PM)/httpclient5/src/main/java,org.apache.hc.client5.http.impl.async,InternalAbstractHttpAsyncClient.new RequestChannel() {...},125,0,8,0,22,0,6,0,2,0
httpclient5 (1-Apr-2019 8:21:42 PM)/httpclient5/src/main/java,org.apache.hc.client5.http.impl.async,InternalHttpAsyncExecRuntime,357,0,40,0,95,0,35,0,15,0
httpclient5 (1-Apr-2019 8:21:42 PM)/httpclient5/src/main/java,org.apache.hc.client5.http.impl.async,AbstractHttpAsyncClientBase,122,0,9,0,33,0,16,0,11,0
httpclient5 (1-Apr-2019 8:21:42 PM)/httpclient5/src/main/java,org.apache.hc.client5.http.impl.async,HttpAsyncClientBuilder.new PrivilegedAction() {...},18,0,0,0,2,0,2,0,2,0
httpclient5 (1-Apr-2019 8:21:42 PM)/httpclient5/src/main/java,org.apache.hc.client5.http.impl.async,InternalHttp2AsyncExecRuntime,274,0,30,0,67,0,29,0,14,0
httpclient5 (1-Apr-2019 8:21:42 PM)/httpclient5/src/main/java,org.apache.hc.client5.http.impl.async,AsyncConnectExec.new AsyncExecCallback() {...},159,0,12,0,28,0,10,0,4,0
httpclient5 (1-Apr-2019 8:21:42 PM)/httpclient5/src/main/java,org.apache.hc.client5.http.impl.async,Http2AsyncClientBuilder.ExecInterceptorEntry.Postion,54,0,0,0,1,0,1,0,1,0
httpclient5 (1-Apr-2019 8:21:42 PM)/httpclient5/src/main/java,org.apache.hc.client5.http.impl.async,AsyncConnectExec.new FutureCallback() {...},82,0,4,0,10,0,6,0,4,0
httpclient5 (1-Apr-2019 8:21:42 PM)/httpclient5/src/main/java,org.apache.hc.client5.http.impl.async,CloseableHttpAsyncClient.new FutureCallback() {...},27,0,0,0,7,0,4,0,4,0
httpclient5 (1-Apr-2019 8:21:42 PM)/httpclient5/src/main/java,org.apache.hc.client5.http.impl.async,HttpAsyncMainClientExec.new AsyncClientExchangeHandler() {...},215,0,22,0,54,0,23,0,12,0
httpclient5 (1-Apr-2019 8:21:42 PM)/httpclient5/src/main/java,org.apache.hc.client5.http.impl.async,MinimalHttpAsyncClient.new FutureCallback() {...},63,0,2,0,17,0,5,0,4,0
httpclient5 (1-Apr-2019 8:21:42 PM)/httpclient5/src/main/java,org.apache.hc.client5.http.impl.async,LoggingIOSession.LoggingByteChannel,175,0,14,0,26,0,12,0,5,0
httpclient5 (1-Apr-2019 8:21:42 PM)/httpclient5/src/main/java,org.apache.hc.client5.http.impl.async,InternalHttp2AsyncExecRuntime.new FutureCallback() {...},41,0,0,0,9,0,4,0,4,0
httpclient5 (1-Apr-2019 8:21:42 PM)/httpclient5/src/main/java,org.apache.hc.client5.http.impl.async,Http2AsyncClientBuilder.ResponseInterceptorEntry.Postion,24,0,0,0,1,0,1,0,1,0
httpclient5 (1-Apr-2019 8:21:42 PM)/httpclient5/src/main/java,org.apache.hc.client5.http.impl.async,AbstractMinimalHttpAsyncClientBase.new FutureCallback() {...},26,0,0,0,7,0,4,0,4,0
httpclient5 (1-Apr-2019 8:21:42 PM)/httpclient5/src/main/java,org.apache.hc.client5.http.impl.async,MinimalHttpAsyncClient.new Callback() {...},11,0,0,0,3,0,2,0,2,0
httpclient5 (1-Apr-2019 8:21:42 PM)/httpclient5/src/main/java,org.apache.hc.client5.http.impl.async,HttpAsyncClientBuilder.ResponseInterceptorEntry.Postion,24,0,0,0,1,0,1,0,1,0
httpclient5 (1-Apr-2019 8:21:42 PM)/httpclient5/src/main/java,org.apache.hc.client5.http.impl.async,LoggingAsyncClientExchangeHandler,228,0,16,0,43,0,21,0,13,0
httpclient5 (1-Apr-2019 8:21:42 PM)/httpclient5/src/main/java,org.apache.hc.client5.http.impl.async,AsyncConnectExec.new Runnable() {...},86,0,4,0,10,0,4,0,2,0
httpclient5 (1-Apr-2019 8:21:42 PM)/httpclient5/src/main/java,org.apache.hc.client5.http.impl.async,HttpAsyncClients,178,0,0,0,69,0,19,0,19,0
httpclient5 (1-Apr-2019 8:21:42 PM)/httpclient5/src/main/java,org.apache.hc.client5.http.impl.async,AsyncConnectExec.State,9,0,0,0,3,0,1,0,1,0
httpclient5 (1-Apr-2019 8:21:42 PM)/httpclient5/src/main/java,org.apache.hc.client5.http.impl.async,CloseableHttpAsyncClient,53,0,0,0,10,0,6,0,6,0
httpclient5 (1-Apr-2019 8:21:42 PM)/httpclient5/src/main/java,org.apache.hc.client5.http.impl.async,Http2AsyncClientBuilder.ExecInterceptorEntry,15,0,0,0,6,0,1,0,1,0
httpclient5 (1-Apr-2019 8:21:42 PM)/httpclient5/src/main/java,org.apache.hc.client5.http.impl.async,InternalHttpAsyncExecRuntime.new FutureCallback() {...},34,0,0,0,9,0,4,0,4,0
httpclient5 (1-Apr-2019 8:21:42 PM)/httpclient5/src/main/java,org.apache.hc.client5.http.impl.async,Http2AsyncClientBuilder.new Resolver() {...},8,0,0,0,2,0,2,0,2,0
httpclient5 (1-Apr-2019 8:21:42 PM)/httpclient5/src/main/java,org.apache.hc.client5.http.impl.async,AsyncProtocolExec.new AsyncExecCallback() {...},234,0,32,0,43,0,20,0,4,0
httpclient5 (1-Apr-2019 8:21:42 PM)/httpclient5/src/main/java,org.apache.hc.client5.http.impl.async,HttpAsyncClientBuilder.ExecInterceptorEntry.Postion,54,0,0,0,1,0,1,0,1,0
httpclient5 (1-Apr-2019 8:21:42 PM)/httpclient5/src/main/java,org.apache.hc.client5.http.impl.async,HttpAsyncClientBuilder.new ConnectionReuseStrategy() {...},8,0,0,0,2,0,2,0,2,0
httpclient5 (1-Apr-2019 8:21:42 PM)/httpclient5/src/main/java,org.apache.hc.client5.http.impl.async,InternalHttpAsyncExecRuntime.new FutureCallback() {...},66,0,2,0,11,0,5,0,4,0
httpclient5 (1-Apr-2019 8:21:42 PM)/httpclient5/src/main/java,org.apache.hc.client5.http.impl.async,AsyncConnectExec,365,0,20,0,79,0,18,0,5,0
httpclient5 (1-Apr-2019 8:21:42 PM)/httpclient5/src/main/java,org.apache.hc.client5.http.impl.async,MinimalHttpAsyncClient.InternalAsyncClientEndpoint,120,0,12,0,26,0,13,0,7,0
httpclient5 (1-Apr-2019 8:21:42 PM)/httpclient5/src/main/java,org.apache.hc.client5.http.impl.async,HttpAsyncClients.new HandlerFactory() {...},11,0,0,0,2,0,2,0,2,0
httpclient5 (1-Apr-2019 8:21:42 PM)/httpclient5/src/main/java,org.apache.hc.client5.http.impl.async,HttpAsyncClientBuilder.ExecInterceptorEntry,15,0,0,0,6,0,1,0,1,0
httpclient5 (1-Apr-2019 8:21:42 PM)/httpclient5/src/main/java,org.apache.hc.client5.http.impl.async,InternalHttp2AsyncExecRuntime.Endpoint,9,0,0,0,4,0,1,0,1,0
httpclient5 (1-Apr-2019 8:21:42 PM)/httpclient5/src/main/java,org.apache.hc.client5.http.impl.async,HttpAsyncMainClientExec,90,0,4,0,21,0,4,0,2,0
httpclient5 (1-Apr-2019 8:21:42 PM)/httpclient5/src/main/java,org.apache.hc.client5.http.impl.async,HttpAsyncClientEventHandlerFactory,221,0,28,0,65,0,16,0,2,0
httpclient5 (1-Apr-2019 8:21:42 PM)/httpclient5/src/main/java,org.apache.hc.client5.http.impl.async,AsyncRedirectExec,103,0,4,0,28,0,5,0,3,0
httpclient5 (1-Apr-2019 8:21:42 PM)/httpclient5/src/main/java,org.apache.hc.client5.http.impl.async,AsyncProtocolExec,298,0,30,0,63,0,19,0,4,0
httpclient5 (1-Apr-2019 8:21:42 PM)/httpclient5/src/main/java,org.apache.hc.client5.http.impl.async,Http2AsyncClientEventHandlerFactory,129,0,16,0,34,0,10,0,2,0
httpclient5 (1-Apr-2019 8:21:42 PM)/httpclient5/src/main/java,org.apache.hc.client5.http.impl.async,Http2AsyncClientBuilder.new PrivilegedAction() {...},15,0,0,0,2,0,2,0,2,0
httpclient5 (1-Apr-2019 8:21:42 PM)/httpclient5/src/main/java,org.apache.hc.client5.http.impl.async,Http2AsyncClientBuilder.RequestInterceptorEntry,9,0,0,0,4,0,1,0,1,0
httpclient5 (1-Apr-2019 8:21:42 PM)/httpclient5/src/main/java,org.apache.hc.client5.http.impl.async,AsyncRetryExec,42,0,0,0,9,0,3,0,3,0
httpclient5 (1-Apr-2019 8:21:42 PM)/httpclient5/src/main/java,org.apache.hc.client5.http.impl.async,AbstractHttpAsyncClientBase.new Runnable() {...},11,0,0,0,3,0,2,0,2,0
httpclient5 (1-Apr-2019 8:21:42 PM)/httpclient5/src/main/java,org.apache.hc.client5.http.impl.async,Http2AsyncClientBuilder.new Closeable() {...},13,0,0,0,3,0,2,0,2,0
httpclient5 (1-Apr-2019 8:21:42 PM)/httpclient5/src/main/java,org.apache.hc.client5.http.impl.async,HttpAsyncClientBuilder,1156,0,137,0,308,0,118,0,48,0
httpclient5 (1-Apr-2019 8:21:42 PM)/httpclient5/src/main/java,org.apache.hc.client5.http.impl.async,LoggingAsyncClientExchangeHandler.new DataStreamChannel() {...},89,0,6,0,14,0,8,0,5,0
httpclient5 (1-Apr-2019 8:21:42 PM)/httpclient5/src/main/java,org.apache.hc.client5.http.impl.async,InternalHttp2AsyncExecRuntime.new FutureCallback() {...},41,0,0,0,9,0,4,0,4,0
httpclient5 (1-Apr-2019 8:21:42 PM)/httpclient5/src/main/java,org.apache.hc.client5.http.impl.async,HttpAsyncClientBuilder.new HandlerFactory() {...},14,0,0,0,2,0,2,0,2,0
httpclient5 (1-Apr-2019 8:21:42 PM)/httpclient5/src/main/java,org.apache.hc.client5.http.impl.async,MinimalHttpAsyncClient,140,0,4,0,46,0,7,0,5,0
httpclient5 (1-Apr-2019 8:21:42 PM)/httpclient5/src/main/java,org.apache.hc.client5.http.impl.async,HttpAsyncClients.new HandlerFactory() {...},11,0,0,0,2,0,2,0,2,0
httpclient5 (1-Apr-2019 8:21:42 PM)/httpclient5/src/main/java,org.apache.hc.client5.http.impl.async,MinimalHttp2AsyncClient.new RequestChannel() {...},79,0,4,0,14,0,4,0,2,0
httpclient5 (1-Apr-2019 8:21:42 PM)/httpclient5/src/main/java,org.apache.hc.client5.http.impl.async,AsyncPushConsumerRegistry,131,0,18,0,36,0,13,0,4,0
httpclient5 (1-Apr-2019 8:21:42 PM)/httpclient5/src/main/java,org.apache.hc.client5.http.impl.async,InternalHttp2AsyncExecRuntime.new FutureCallback() {...},90,0,2,0,13,0,5,0,4,0
httpclient5 (1-Apr-2019 8:21:42 PM)/httpclient5/src/main/java,org.apache.hc.client5.http.impl.async,MinimalHttpAsyncClient.new FutureCallback() {...},32,0,0,0,7,0,4,0,4,0
httpclient5 (1-Apr-2019 8:21:42 PM)/httpclient5/src/main/java,org.apache.hc.client5.http.impl.async,AsyncConnectExec.new AsyncExecCallback() {...},63,0,0,0,8,0,4,0,4,0
httpclient5 (1-Apr-2019 8:21:42 PM)/httpclient5/src/main/java,org.apache.hc.client5.http.impl.async,Http2AsyncMainClientExec,73,0,4,0,16,0,4,0,2,0
httpclient5 (1-Apr-2019 8:21:42 PM)/httpclient5/src/main/java,org.apache.hc.client5.http.impl.async,AsyncRedirectExec.new AsyncExecCallback() {...},372,0,38,0,63,0,23,0,4,0
httpclient5 (1-Apr-2019 8:21:42 PM)/httpclient5/src/main/java,org.apache.hc.client5.http.impl.async,AsyncConnectExec.new FutureCallback() {...},28,0,0,0,7,0,4,0,4,0
httpclient5 (1-Apr-2019 8:21:42 PM)/httpclient5/src/main/java,org.apache.hc.client5.http.impl.async,HttpAsyncClientBuilder.new Callback() {...},14,0,0,0,3,0,2,0,2,0
httpclient5 (1-Apr-2019 8:21:42 PM)/httpclient5/src/main/java,org.apache.hc.client5.http.impl.async,LogAppendable,95,0,8,0,19,0,9,0,5,0
httpclient5 (1-Apr-2019 8:21:42 PM)/httpclient5/src/main/java,org.apache.hc.client5.http.impl.async,MinimalHttp2AsyncClient,63,0,0,0,21,0,2,0,2,0
httpclient5 (1-Apr-2019 8:21:42 PM)/httpclient5/src/main/java,org.apache.hc.client5.http.impl.async,HttpAsyncClientBuilder.RequestInterceptorEntry,9,0,0,0,4,0,1,0,1,0
httpclient5 (1-Apr-2019 8:21:42 PM)/httpclient5/src/main/java,org.apache.hc.client5.http.impl.async,LoggingAsyncClientExchangeHandler.new CapacityChannel() {...},35,0,2,0,5,0,3,0,2,0
httpclient5 (1-Apr-2019 8:21:42 PM)/httpclient5/src/main/java,org.apache.hc.client5.http.impl.async,MinimalHttp2AsyncClient.new Callback() {...},11,0,0,0,3,0,2,0,2,0
httpclient5 (1-Apr-2019 8:21:42 PM)/httpclient5/src/main/java,org.apache.hc.client5.http.impl.async,AsyncRetryExec.new AsyncExecCallback() {...},166,0,16,0,29,0,12,0,4,0
httpclient5 (1-Apr-2019 8:21:42 PM)/httpclient5/src/main/java,org.apache.hc.client5.http.impl.async,Http2AsyncClientBuilder.RequestInterceptorEntry.Postion,24,0,0,0,1,0,1,0,1,0
httpclient5 (1-Apr-2019 8:21:42 PM)/httpclient5/src/main/java,org.apache.hc.client5.http.impl.async,Http2AsyncMainClientExec.new AsyncClientExchangeHandler() {...},141,0,12,0,42,0,18,0,12,0
httpclient5 (1-Apr-2019 8:21:42 PM)/httpclient5/src/main/java,org.apache.hc.client5.http.impl.async,InternalHttpAsyncExecRuntime.new FutureCallback() {...},24,0,0,0,7,0,4,0,4,0
httpclient5 (1-Apr-2019 8:21:42 PM)/httpclient5/src/main/java,org.apache.hc.client5.http.impl.async,MinimalHttpAsyncClient.new RequestChannel() {...},86,0,4,0,20,0,4,0,2,0
httpclient5 (1-Apr-2019 8:21:42 PM)/httpclient5/src/main/java,org.apache.hc.client5.http.impl.async,AsyncConnectExec.new FutureCallback() {...},69,0,0,0,9,0,4,0,4,0
httpclient5 (1-Apr-2019 8:21:42 PM)/httpclient5/src/main/java,org.apache.hc.client5.http.impl.async,InternalHttpAsyncExecRuntime.new Cancellable() {...},14,0,0,0,3,0,2,0,2,0
httpclient5 (1-Apr-2019 8:21:42 PM)/httpclient5/src/main/java,org.apache.hc.client5.http.impl.async,AsyncExecChainElement.new AsyncExecChain() {...},15,0,0,0,3,0,2,0,2,0
httpclient5 (1-Apr-2019 8:21:42 PM)/httpclient5/src/main/java,org.apache.hc.client5.http.impl.async,Http2AsyncClientBuilder.IdleConnectionEvictor,28,0,0,0,9,0,4,0,4,0
httpclient5 (1-Apr-2019 8:21:42 PM)/httpclient5/src/main/java,org.apache.hc.client5.http.impl.async,AsyncExecChainElement,45,0,2,0,11,0,4,0,3,0
httpclient5 (1-Apr-2019 8:21:42 PM)/httpclient5/src/main/java,org.apache.hc.client5.http.impl.async,LoggingIOSession,359,0,20,0,73,0,42,0,32,0
httpclient5 (1-Apr-2019 8:21:42 PM)/httpclient5/src/main/java,org.apache.hc.client5.http.impl.routing,BasicRouteDirector,0,167,2,46,0,45,2,27,0,5
httpclient5 (1-Apr-2019 8:21:42 PM)/httpclient5/src/main/java,org.apache.hc.client5.http.impl.routing,DefaultProxyRoutePlanner,5,13,0,0,2,4,1,2,1,2
httpclient5 (1-Apr-2019 8:21:42 PM)/httpclient5/src/main/java,org.apache.hc.client5.http.impl.routing,SystemDefaultRoutePlanner,34,88,4,12,6,25,5,7,1,3
httpclient5 (1-Apr-2019 8:21:42 PM)/httpclient5/src/main/java,org.apache.hc.client5.http.impl.routing,DefaultRoutePlanner,12,72,2,8,1,18,2,7,0,4
httpclient5 (1-Apr-2019 8:21:42 PM)/httpclient5/src/main/java,org.apache.hc.client5.http.impl.io,BasicHttpClientConnectionManager.InternalConnectionEndpoint,50,45,6,4,17,11,9,6,5,5
httpclient5 (1-Apr-2019 8:21:42 PM)/httpclient5/src/main/java,org.apache.hc.client5.http.impl.io,LenientHttpResponseParser,24,15,2,0,6,4,2,2,1,2
httpclient5 (1-Apr-2019 8:21:42 PM)/httpclient5/src/main/java,org.apache.hc.client5.http.impl.io,DefaultHttpResponseParserFactory,9,32,2,2,2,8,3,4,1,4
httpclient5 (1-Apr-2019 8:21:42 PM)/httpclient5/src/main/java,org.apache.hc.client5.http.impl.io,LoggingOutputStream,123,0,0,0,32,0,6,0,6,0
httpclient5 (1-Apr-2019 8:21:42 PM)/httpclient5/src/main/java,org.apache.hc.client5.http.impl.io,DefaultManagedHttpClientConnection,209,108,20,10,27,29,19,10,4,10
httpclient5 (1-Apr-2019 8:21:42 PM)/httpclient5/src/main/java,org.apache.hc.client5.http.impl.io,DefaultHttpClientConnectionOperator,73,280,12,28,13,69,11,13,0,4
httpclient5 (1-Apr-2019 8:21:42 PM)/httpclient5/src/main/java,org.apache.hc.client5.http.impl.io,PoolingHttpClientConnectionManager,254,286,19,26,59,84,35,20,18,14
httpclient5 (1-Apr-2019 8:21:42 PM)/httpclient5/src/main/java,org.apache.hc.client5.http.impl.io,PoolingHttpClientConnectionManager.InternalConnectionEndpoint,23,91,7,7,7,23,8,8,2,7
httpclient5 (1-Apr-2019 8:21:42 PM)/httpclient5/src/main/java,org.apache.hc.client5.http.impl.io,PoolingHttpClientConnectionManagerBuilder,71,71,6,6,25,26,17,4,11,4
httpclient5 (1-Apr-2019 8:21:42 PM)/httpclient5/src/main/java,org.apache.hc.client5.http.impl.io,LoggingInputStream,181,0,10,0,49,0,15,0,10,0
httpclient5 (1-Apr-2019 8:21:42 PM)/httpclient5/src/main/java,org.apache.hc.client5.http.impl.io,BasicHttpClientConnectionManager,98,380,17,45,22,111,22,32,5,18
httpclient5 (1-Apr-2019 8:21:42 PM)/httpclient5/src/main/java,org.apache.hc.client5.http.impl.io,BasicHttpClientConnectionManager.new LeaseRequest() {...},10,27,0,0,3,2,1,2,1,2
httpclient5 (1-Apr-2019 8:21:42 PM)/httpclient5/src/main/java,org.apache.hc.client5.http.impl.io,LoggingSocketHolder,29,0,0,0,5,0,3,0,3,0
httpclient5 (1-Apr-2019 8:21:42 PM)/httpclient5/src/main/java,org.apache.hc.client5.http.impl.io,PoolingHttpClientConnectionManager.new LeaseRequest() {...},96,95,13,9,19,19,10,4,1,2
httpclient5 (1-Apr-2019 8:21:42 PM)/httpclient5/src/main/java,org.apache.hc.client5.http.impl.io,ManagedHttpClientConnectionFactory,45,117,10,10,7,40,10,6,0,6
httpclient5 (1-Apr-2019 8:21:42 PM)/httpclient5/src/test/java,org.apache.hc.client5.http.entity.mime,FormBodyPartTest,0,21,0,0,0,6,0,2,0,2
httpclient5 (1-Apr-2019 8:21:42 PM)/httpclient5/src/test/java,org.apache.hc.client5.http.entity.mime,TestMultipartFormHttpEntity,7,236,7,7,0,67,7,5,0,5
httpclient5 (1-Apr-2019 8:21:42 PM)/httpclient5/src/test/java,org.apache.hc.client5.http.entity.mime,TestMultipartEntityBuilder,0,303,0,0,0,95,0,9,0,9
httpclient5 (1-Apr-2019 8:21:42 PM)/httpclient5/src/test/java,org.apache.hc.client5.http.entity.mime,TestMultipartForm,0,926,1,7,0,228,1,14,0,11
httpclient5 (1-Apr-2019 8:21:42 PM)/httpclient5/src/test/java,org.apache.hc.client5.http.entity.mime,TestMultipartContentBody,0,136,0,0,0,34,0,3,0,3
httpclient5 (1-Apr-2019 8:21:42 PM)/httpclient5/src/test/java,org.apache.hc.client5.http.entity.mime,TestFormBodyPartBuilder,0,427,0,2,0,107,0,6,0,5
httpclient5 (1-Apr-2019 8:21:42 PM)/httpclient5/src/test/java,org.apache.hc.client5.http.psl,TestPublicSuffixListParser,0,168,0,0,0,32,0,3,0,3
httpclient5 (1-Apr-2019 8:21:42 PM)/httpclient5/src/test/java,org.apache.hc.client5.http.psl,TestPublicSuffixMatcher,0,153,0,0,0,33,0,5,0,5
httpclient5 (1-Apr-2019 8:21:42 PM)/httpclient5/src/test/java,org.apache.hc.client5.http.async.methods,TestHttpRequests,0,123,0,0,0,17,0,4,0,4
httpclient5 (1-Apr-2019 8:21:42 PM)/httpclient5/src/test/java,org.apache.hc.client5.http.cookie,TestCookiePriorityComparator,12,243,12,12,0,47,12,8,0,8
httpclient5 (1-Apr-2019 8:21:42 PM)/httpclient5/src/test/java,org.apache.hc.client5.http.cookie,TestCookieOrigin,28,53,0,0,8,13,4,3,4,3
httpclient5 (1-Apr-2019 8:21:42 PM)/httpclient5/src/test/java,org.apache.hc.client5.http.cookie,TestCookiePathComparator,12,237,12,12,0,49,12,7,0,7
httpclient5 (1-Apr-2019 8:21:42 PM)/httpclient5/src/test/java,org.apache.hc.client5.http.protocol,TestRequestDefaultHeaders,6,104,0,0,2,24,0,4,0,4
httpclient5 (1-Apr-2019 8:21:42 PM)/httpclient5/src/test/java,org.apache.hc.client5.http.protocol,TestResponseProcessCookies,12,261,0,0,4,62,0,8,0,8
httpclient5 (1-Apr-2019 8:21:42 PM)/httpclient5/src/test/java,org.apache.hc.client5.http.protocol,TestRequestAddCookies,12,1038,0,0,4,229,0,18,0,18
httpclient5 (1-Apr-2019 8:21:42 PM)/httpclient5/src/test/java,org.apache.hc.client5.http.protocol,TestRequestClientConnControl,6,248,0,0,2,60,0,7,0,7
httpclient5 (1-Apr-2019 8:21:42 PM)/httpclient5/src/test/java,org.apache.hc.client5.http.protocol,TestRequestExpectContinue,8,233,0,0,2,60,0,7,0,7
httpclient5 (1-Apr-2019 8:21:42 PM)/httpclient5/src/test/java,org.apache.hc.client5.http.protocol,TestRedirectLocation,0,92,0,0,0,23,0,2,0,2
httpclient5 (1-Apr-2019 8:21:42 PM)/httpclient5/src/test/java,org.apache.hc.client5.http.utils,TestDateUtils,23,378,0,0,6,70,0,11,0,11
httpclient5 (1-Apr-2019 8:21:42 PM)/httpclient5/src/test/java,org.apache.hc.client5.http.utils,TestURIUtils,0,977,0,0,0,213,0,12,0,12
httpclient5 (1-Apr-2019 8:21:42 PM)/httpclient5/src/test/java,org.apache.hc.client5.http.utils,TestByteArrayBuilder,90,540,0,2,20,87,0,10,0,9
httpclient5 (1-Apr-2019 8:21:42 PM)/httpclient5/src/test/java,org.apache.hc.client5.http.classic.methods,TestHttpRequestBase,0,33,0,0,0,8,0,3,0,3
httpclient5 (1-Apr-2019 8:21:42 PM)/httpclient5/src/test/java,org.apache.hc.client5.http.classic.methods,TestRequestBuilder,4,633,0,0,2,169,1,20,1,20
httpclient5 (1-Apr-2019 8:21:42 PM)/httpclient5/src/test/java,org.apache.hc.client5.http.classic.methods,TestClassicHttpRequests,0,126,0,0,0,19,0,5,0,5
httpclient5 (1-Apr-2019 8:21:42 PM)/httpclient5/src/test/java,org.apache.hc.client5.http.classic.methods,TestHttpOptions,0,35,0,0,0,9,0,2,0,2
httpclient5 (1-Apr-2019 8:21:42 PM)/httpclient5/src/test/java,org.apache.hc.client5.http.ssl,TestTlsVersionParser,30,84,0,0,10,14,5,4,5,4
httpclient5 (1-Apr-2019 8:21:42 PM)/httpclient5/src/test/java,org.apache.hc.client5.http.ssl,TestDistinguishedNameParser,0,349,0,0,0,63,0,12,0,12
httpclient5 (1-Apr-2019 8:21:42 PM)/httpclient5/src/test/java,org.apache.hc.client5.http.ssl,TestDefaultHostnameVerifier,77,741,0,0,17,155,0,11,0,11
httpclient5 (1-Apr-2019 8:21:42 PM)/httpclient5/src/test/java,org.apache.hc.client5.http.ssl,CertificatesToPlayWith,3,49,0,0,1,32,1,1,1,1
httpclient5 (1-Apr-2019 8:21:42 PM)/httpclient5/src/test/java,org.apache.hc.client5.http.ssl,TestSSLSocketFactory,0,133,0,4,0,30,0,5,0,3
httpclient5 (1-Apr-2019 8:21:42 PM)/httpclient5/src/test/java,org.apache.hc.client5.http.impl.cookie,TestPublicSuffixListParser,0,324,0,0,0,55,0,5,0,5
httpclient5 (1-Apr-2019 8:21:42 PM)/httpclient5/src/test/java,org.apache.hc.client5.http.impl.cookie,TestRFC6265CookieSpec,12,1030,0,0,4,180,0,18,0,18
httpclient5 (1-Apr-2019 8:21:42 PM)/httpclient5/src/test/java,org.apache.hc.client5.http.impl.cookie,TestBasicCookieStore,0,194,0,2,0,44,0,5,0,4
httpclient5 (1-Apr-2019 8:21:42 PM)/httpclient5/src/test/java,org.apache.hc.client5.http.impl.cookie,TestBasicCookieAttribHandlers,185,936,0,0,48,222,0,32,0,32
httpclient5 (1-Apr-2019 8:21:42 PM)/httpclient5/src/test/java,org.apache.hc.client5.http.impl.cookie,TestLaxCookieAttribHandlers,67,671,0,0,26,163,0,27,0,27
httpclient5 (1-Apr-2019 8:21:42 PM)/httpclient5/src/test/java,org.apache.hc.client5.http.impl.cookie,TestBasicClientCookie,7,142,0,0,2,35,0,4,0,4
httpclient5 (1-Apr-2019 8:21:42 PM)/httpclient5/src/test/java,org.apache.hc.client5.http.entity,TestDecompressingEntity,2,140,2,2,0,36,2,4,0,4
httpclient5 (1-Apr-2019 8:21:42 PM)/httpclient5/src/test/java,org.apache.hc.client5.http.entity,TestEntityBuilder,9,188,0,0,4,56,1,9,1,9
httpclient5 (1-Apr-2019 8:21:42 PM)/httpclient5/src/test/java,org.apache.hc.client5.http.entity,TestDeflate,0,44,0,0,0,11,0,2,0,2
httpclient5 (1-Apr-2019 8:21:42 PM)/httpclient5/src/test/java,org.apache.hc.client5.http.entity,TestGZip,4,382,0,2,1,36,0,6,0,5
httpclient5 (1-Apr-2019 8:21:42 PM)/httpclient5/src/test/java,org.apache.hc.client5.http.entity,TestDecompressingEntity.ChecksumEntity,0,8,0,0,0,2,0,1,0,1
httpclient5 (1-Apr-2019 8:21:42 PM)/httpclient5/src/test/java,org.apache.hc.client5.http.config,TestRequestConfig,0,185,0,0,0,46,0,4,0,4
httpclient5 (1-Apr-2019 8:21:42 PM)/httpclient5/src/test/java,org.apache.hc.client5.http.impl.classic,TestCloseableHttpClient.NoopCloseableHttpClient,3,2,0,0,1,1,1,1,1,1
httpclient5 (1-Apr-2019 8:21:42 PM)/httpclient5/src/test/java,org.apache.hc.client5.http.impl.classic,TestRedirectExec,47,968,0,0,10,203,0,10,0,10
httpclient5 (1-Apr-2019 8:21:42 PM)/httpclient5/src/test/java,org.apache.hc.client5.http.impl.classic,TestNullBackoffStrategy,0,29,0,0,0,8,0,4,0,4
httpclient5 (1-Apr-2019 8:21:42 PM)/httpclient5/src/test/java,org.apache.hc.client5.http.impl.classic,TestServiceUnavailableRetryExec,10,270,0,0,2,60,0,5,0,5
httpclient5 (1-Apr-2019 8:21:42 PM)/httpclient5/src/test/java,org.apache.hc.client5.http.impl.classic,TestConnectExec,28,1010,0,0,6,175,0,11,0,11
httpclient5 (1-Apr-2019 8:21:42 PM)/httpclient5/src/test/java,org.apache.hc.client5.http.impl.classic,TestFutureRequestExecutionService,10,265,0,8,4,60,0,12,0,8
httpclient5 (1-Apr-2019 8:21:42 PM)/httpclient5/src/test/java,org.apache.hc.client5.http.impl.classic,TestInternalHttpClient,6,387,0,0,2,82,0,9,0,9
httpclient5 (1-Apr-2019 8:21:42 PM)/httpclient5/src/test/java,org.apache.hc.client5.http.impl.classic,TestDefaultBackoffStrategy,0,68,0,4,0,18,0,9,0,7
httpclient5 (1-Apr-2019 8:21:42 PM)/httpclient5/src/test/java,org.apache.hc.client5.http.impl.classic,TestAbstractHttpClientResponseHandler.new AbstractHttpClientResponseHandler() {...},0,13,0,0,0,2,0,2,0,2
httpclient5 (1-Apr-2019 8:21:42 PM)/httpclient5/src/test/java,org.apache.hc.client5.http.impl.classic,TestMainClientExec,36,858,0,0,8,170,0,11,0,11
httpclient5 (1-Apr-2019 8:21:42 PM)/httpclient5/src/test/java,org.apache.hc.client5.http.impl.classic,TestRetryExec.new Answer() {...},0,25,0,0,0,5,0,2,0,2
httpclient5 (1-Apr-2019 8:21:42 PM)/httpclient5/src/test/java,org.apache.hc.client5.http.impl.classic,TestResponseEntityWrapper,19,346,0,0,6,56,0,9,0,9
httpclient5 (1-Apr-2019 8:21:42 PM)/httpclient5/src/test/java,org.apache.hc.client5.http.impl.classic,MockConnPoolControl,53,40,2,2,15,13,11,5,10,4
httpclient5 (1-Apr-2019 8:21:42 PM)/httpclient5/src/test/java,org.apache.hc.client5.http.impl.classic,TestRetryExec.new Answer() {...},0,43,0,0,0,9,0,2,0,2
httpclient5 (1-Apr-2019 8:21:42 PM)/httpclient5/src/test/java,org.apache.hc.client5.http.impl.classic,TestRedirectExec.HttpRequestMatcher,3,25,0,2,2,8,0,4,0,3
httpclient5 (1-Apr-2019 8:21:42 PM)/httpclient5/src/test/java,org.apache.hc.client5.http.impl.classic,TestConnectExec.ConnectionState,0,13,0,0,0,3,0,3,0,3
httpclient5 (1-Apr-2019 8:21:42 PM)/httpclient5/src/test/java,org.apache.hc.client5.http.impl.classic,TestFutureRequestExecutionService.OkidokiHandler,3,13,1,1,0,2,1,2,0,2
httpclient5 (1-Apr-2019 8:21:42 PM)/httpclient5/src/test/java,org.apache.hc.client5.http.impl.classic,TestAIMDBackoffManager,13,467,7,7,2,92,7,14,0,14
httpclient5 (1-Apr-2019 8:21:42 PM)/httpclient5/src/test/java,org.apache.hc.client5.http.impl.classic,TestFutureRequestExecutionService.CountingCallback,8,13,0,0,4,6,2,2,2,2
httpclient5 (1-Apr-2019 8:21:42 PM)/httpclient5/src/test/java,org.apache.hc.client5.http.impl.classic,TestProtocolExec,30,950,0,0,6,174,0,10,0,10
httpclient5 (1-Apr-2019 8:21:42 PM)/httpclient5/src/test/java,org.apache.hc.client5.http.impl.classic,TestRetryExec,30,271,0,0,6,65,0,5,0,5
httpclient5 (1-Apr-2019 8:21:42 PM)/httpclient5/src/test/java,org.apache.hc.client5.http.impl.classic,TestContentCompressionExec,10,497,0,0,2,93,0,11,0,11
httpclient5 (1-Apr-2019 8:21:42 PM)/httpclient5/src/test/java,org.apache.hc.client5.http.impl.classic,TestMainClientExec.ConnectionState,0,13,0,0,0,3,0,3,0,3
httpclient5 (1-Apr-2019 8:21:42 PM)/httpclient5/src/test/java,org.apache.hc.client5.http.impl.classic,TestInternalExecRuntime,24,751,0,0,6,129,0,12,0,12
httpclient5 (1-Apr-2019 8:21:42 PM)/httpclient5/src/test/java,org.apache.hc.client5.http.impl.classic,TestAbstractHttpClientResponseHandler,14,183,0,0,4,40,0,4,0,4
httpclient5 (1-Apr-2019 8:21:42 PM)/httpclient5/src/test/java,org.apache.hc.client5.http.impl.classic,TestCookieIdentityComparator,17,352,12,12,0,77,12,7,0,7
httpclient5 (1-Apr-2019 8:21:42 PM)/httpclient5/src/test/java,org.apache.hc.client5.http.impl.classic,MockClock,0,13,0,0,0,5,0,3,0,3
httpclient5 (1-Apr-2019 8:21:42 PM)/httpclient5/src/test/java,org.apache.hc.client5.http.impl.classic,TestCloseableHttpClient,23,331,0,0,6,64,0,8,0,8
httpclient5 (1-Apr-2019 8:21:42 PM)/httpclient5/src/test/java,org.apache.hc.client5.http.impl.classic,TestProtocolExec.new Answer() {...},0,26,0,0,0,5,0,2,0,2
httpclient5 (1-Apr-2019 8:21:42 PM)/httpclient5/src/test/java,org.apache.hc.client5.http.impl.classic,TestFutureRequestExecutionService.new HttpRequestHandler() {...},2,23,1,1,1,6,1,2,0,2
httpclient5 (1-Apr-2019 8:21:42 PM)/httpclient5/src/test/java,org.apache.hc.client5.http.impl.classic,TestBasicResponseHandler,7,98,0,0,2,22,0,3,0,3
httpclient5 (1-Apr-2019 8:21:42 PM)/httpclient5/src/test/java,org.apache.hc.client5.http.impl.auth,TestBasicAuthCache,5,115,0,0,2,22,0,5,0,5
httpclient5 (1-Apr-2019 8:21:42 PM)/httpclient5/src/test/java,org.apache.hc.client5.http.impl.auth,TestRequestAuthCache,12,376,0,0,4,80,0,8,0,8
httpclient5 (1-Apr-2019 8:21:42 PM)/httpclient5/src/test/java,org.apache.hc.client5.http.impl.auth,TestAuthChallengeParser,24,854,0,0,6,194,0,22,0,22
httpclient5 (1-Apr-2019 8:21:42 PM)/httpclient5/src/test/java,org.apache.hc.client5.http.impl.auth,TestBasicCredentialsProvider,0,427,0,0,0,80,0,12,0,12
httpclient5 (1-Apr-2019 8:21:42 PM)/httpclient5/src/test/java,org.apache.hc.client5.http.impl.auth,TestSystemDefaultCredentialsProvider,0,156,0,0,0,36,0,5,0,5
httpclient5 (1-Apr-2019 8:21:42 PM)/httpclient5/src/test/java,org.apache.hc.client5.http.impl.auth,TestSystemDefaultCredentialsProvider.DelegatedAuthenticator,0,29,0,0,0,7,0,2,0,2
httpclient5 (1-Apr-2019 8:21:42 PM)/httpclient5/src/test/java,org.apache.hc.client5.http.impl.auth,TestNTLMEngineImpl,29,484,4,14,3,197,4,22,0,17
httpclient5 (1-Apr-2019 8:21:42 PM)/httpclient5/src/test/java,org.apache.hc.client5.http.impl.auth,TestBasicScheme,0,437,0,2,0,92,0,9,0,8
httpclient5 (1-Apr-2019 8:21:42 PM)/httpclient5/src/test/java,org.apache.hc.client5.http.impl.auth,TestHttpAuthenticator.CacheableAuthState,6,3,0,0,1,1,1,1,1,1
httpclient5 (1-Apr-2019 8:21:42 PM)/httpclient5/src/test/java,org.apache.hc.client5.http.impl.auth,TestDigestScheme,106,1912,8,10,25,426,8,27,0,26
httpclient5 (1-Apr-2019 8:21:42 PM)/httpclient5/src/test/java,org.apache.hc.client5.http.impl.auth,TestHttpAuthenticator,0,1373,0,0,0,275,0,24,0,24
httpclient5 (1-Apr-2019 8:21:42 PM)/httpclient5/src/test/java,org.apache.hc.client5.http,TestExceptions,0,242,0,0,0,46,0,11,0,11
httpclient5 (1-Apr-2019 8:21:42 PM)/httpclient5/src/test/java,org.apache.hc.client5.http.routing,TestHttpRoute,101,1548,0,2,17,353,0,14,0,13
httpclient5 (1-Apr-2019 8:21:42 PM)/httpclient5/src/test/java,org.apache.hc.client5.http.auth,TestCredentials,16,549,12,12,0,131,12,9,0,9
httpclient5 (1-Apr-2019 8:21:42 PM)/httpclient5/src/test/java,org.apache.hc.client5.http.auth,TestAuthScope,19,553,14,14,0,88,14,9,0,9
httpclient5 (1-Apr-2019 8:21:42 PM)/httpclient5/src/test/java,org.apache.hc.client5.http.auth,TestAuthChallenge,0,70,0,0,0,14,0,3,0,3
httpclient5 (1-Apr-2019 8:21:42 PM)/httpclient5/src/test/java,org.apache.hc.client5.http.impl,TestDefaultHttpRequestRetryHandler,0,106,0,0,0,23,0,6,0,6
httpclient5 (1-Apr-2019 8:21:42 PM)/httpclient5/src/test/java,org.apache.hc.client5.http.impl,TestIdleConnectionEvictor,0,89,0,0,0,25,0,3,0,3
httpclient5 (1-Apr-2019 8:21:42 PM)/httpclient5/src/test/java,org.apache.hc.client5.http.impl,TestDefaultRedirectStrategy,64,456,0,0,16,117,0,18,0,18
httpclient5 (1-Apr-2019 8:21:42 PM)/httpclient5/src/test/java,org.apache.hc.client5.http.impl,TestDefaultConnKeepAliveStrategy,6,117,0,0,2,30,0,6,0,6
httpclient5 (1-Apr-2019 8:21:42 PM)/httpclient5/src/test/java,org.apache.hc.client5.http.impl,TestDefaultServiceUnavailableRetryStrategy,1,166,1,1,0,30,1,7,0,7
httpclient5 (1-Apr-2019 8:21:42 PM)/httpclient5/src/test/java,org.apache.hc.client5.http.impl,TestAuthenticationStrategy,27,348,0,0,6,68,0,5,0,5
httpclient5 (1-Apr-2019 8:21:42 PM)/httpclient5/src/test/java,org.apache.hc.client5.http.impl.routing,TestRouteDirector,12,1053,0,0,3,283,0,9,0,9
httpclient5 (1-Apr-2019 8:21:42 PM)/httpclient5/src/test/java,org.apache.hc.client5.http.impl.routing,TestDefaultProxyRoutePlanner,0,110,0,0,0,25,0,4,0,4
httpclient5 (1-Apr-2019 8:21:42 PM)/httpclient5/src/test/java,org.apache.hc.client5.http.impl.routing,TestRoutingSupport,4,49,0,0,2,10,0,3,0,3
httpclient5 (1-Apr-2019 8:21:42 PM)/httpclient5/src/test/java,org.apache.hc.client5.http.impl.routing,TestSystemDefaultRoutePlanner,0,198,0,0,0,36,0,5,0,5
httpclient5 (1-Apr-2019 8:21:42 PM)/httpclient5/src/test/java,org.apache.hc.client5.http.impl.routing,TestRouteTracker,128,1638,8,25,33,356,8,24,0,13
httpclient5 (1-Apr-2019 8:21:42 PM)/httpclient5/src/test/java,org.apache.hc.client5.http.impl.routing,TestDefaultRoutePlanner,7,157,0,0,2,32,0,6,0,6
httpclient5 (1-Apr-2019 8:21:42 PM)/httpclient5/src/test/java,org.apache.hc.client5.http.impl.io,TestPoolingHttpClientConnectionManager,12,1178,0,0,4,212,0,10,0,10
httpclient5 (1-Apr-2019 8:21:42 PM)/httpclient5/src/test/java,org.apache.hc.client5.http.impl.io,TestBasicHttpClientConnectionManager,28,1284,0,0,8,219,1,14,1,14
httpclient5 (1-Apr-2019 8:21:42 PM)/httpclient5/src/test/java,org.apache.hc.client5.http.impl.io,TestHttpClientConnectionOperator,40,914,0,0,8,161,0,10,0,10
